Time,Voltage
0.0,0.166015625
0.008,0.1806640625
0.015,0.17578125
0.023,0.1806640625
0.031,0.185546875
0.039,0.185546875
0.046,0.1806640625
0.054,0.1904296875
0.062,0.185546875
0.069,0.185546875
0.077,0.1953125
0.085,0.1904296875
0.093,0.1953125
0.1,0.2001953125
0.108,0.1953125
0.116,0.2099609375
0.124,0.205078125
0.131,0.205078125
0.139,0.205078125
0.147,0.205078125
0.155,0.2099609375
0.162,0.21484375
0.17,0.21484375
0.178,0.224609375
0.186,0.21484375
0.194,0.224609375
0.201,0.2197265625
0.209,0.2197265625
0.217,0.224609375
0.225,0.224609375
0.233,0.224609375
0.241,0.2294921875
0.248,0.2294921875
0.256,0.2294921875
0.264,0.234375
0.272,0.2294921875
0.28,0.2294921875
0.288,0.2294921875
0.295,0.234375
0.303,0.2392578125
0.311,0.244140625
0.319,0.244140625
0.327,0.244140625
0.335,0.2490234375
0.343,0.244140625
0.35,0.25390625
0.358,0.2490234375
0.366,0.25390625
0.374,0.2587890625
0.382,0.2587890625
0.39,0.25390625
0.398,0.263671875
0.406,0.2587890625
0.413,0.2685546875
0.421,0.2587890625
0.429,0.263671875
0.437,0.263671875
0.445,0.2685546875
0.453,0.2685546875
0.461,0.2783203125
0.469,0.2734375
0.476,0.2783203125
0.484,0.2734375
0.492,0.283203125
0.5,0.2783203125
0.508,0.283203125
0.515,0.283203125
0.523,0.283203125
0.53,0.283203125
0.538,0.2880859375
0.546,0.2880859375
0.553,0.29296875
0.561,0.29296875
0.569,0.2978515625
0.577,0.302734375
0.584,0.2978515625
0.592,0.2978515625
0.6,0.2978515625
0.607,0.302734375
0.615,0.3076171875
0.623,0.3076171875
0.63,0.3076171875
0.638,0.3125
0.646,0.3076171875
0.654,0.3173828125
0.661,0.3173828125
0.669,0.3173828125
0.677,0.322265625
0.684,0.3173828125
0.692,0.3173828125
0.7,0.322265625
0.707,0.322265625
0.715,0.33203125
0.723,0.33203125
0.731,0.3271484375
0.738,0.3271484375
0.746,0.3271484375
0.754,0.3369140625
0.761,0.341796875
0.769,0.33203125
0.777,0.3369140625
0.785,0.3466796875
0.792,0.3466796875
0.8,0.3466796875
0.808,0.341796875
0.815,0.341796875
0.823,0.3466796875
0.831,0.3466796875
0.838,0.3515625
0.846,0.3564453125
0.854,0.3515625
0.862,0.3564453125
0.869,0.3564453125
0.877,0.3662109375
0.885,0.3564453125
0.892,0.361328125
0.9,0.361328125
0.908,0.3662109375
0.915,0.3662109375
0.923,0.37109375
0.931,0.3759765625
0.939,0.3759765625
0.946,0.37109375
0.954,0.37109375
0.962,0.3759765625
0.969,0.3759765625
0.977,0.3857421875
0.985,0.380859375
0.993,0.380859375
1.0,0.3857421875
1.008,0.3857421875
1.016,0.380859375
1.023,0.3955078125
1.031,0.380859375
1.039,0.3955078125
1.046,0.390625
1.054,0.400390625
1.062,0.3955078125
1.07,0.3955078125
1.077,0.400390625
1.085,0.3955078125
1.093,0.400390625
1.101,0.3955078125
1.109,0.400390625
1.116,0.4052734375
1.124,0.4052734375
1.132,0.41015625
1.14,0.41015625
1.148,0.41015625
1.155,0.4150390625
1.163,0.4052734375
1.171,0.4150390625
1.179,0.4150390625
1.187,0.419921875
1.195,0.419921875
1.202,0.4248046875
1.21,0.4248046875
1.218,0.4296875
1.226,0.4248046875
1.234,0.4296875
1.241,0.4296875
1.249,0.4296875
1.257,0.4345703125
1.265,0.4345703125
1.273,0.439453125
1.28,0.439453125
1.288,0.439453125
1.296,0.4443359375
1.304,0.439453125
1.312,0.4443359375
1.319,0.4443359375
1.327,0.44921875
1.335,0.44921875
1.343,0.4541015625
1.351,0.44921875
1.358,0.44921875
1.366,0.4541015625
1.374,0.458984375
1.382,0.458984375
1.39,0.458984375
1.398,0.4638671875
1.405,0.46875
1.413,0.46875
1.421,0.46875
1.429,0.46875
1.437,0.46875
1.444,0.46875
1.452,0.46875
1.46,0.4736328125
1.468,0.46875
1.476,0.478515625
1.483,0.478515625
1.491,0.478515625
1.499,0.4833984375
1.507,0.4736328125
1.515,0.48828125
1.524,0.48828125
1.534,0.4931640625
1.544,0.4931640625
1.553,0.498046875
1.563,0.4931640625
1.573,0.498046875
1.582,0.5029296875
1.592,0.5029296875
1.602,0.5078125
1.611,0.5029296875
1.621,0.498046875
1.631,0.5126953125
1.64,0.5126953125
1.65,0.5078125
1.66,0.517578125
1.67,0.517578125
1.679,0.5126953125
1.689,0.52734375
1.699,0.5224609375
1.708,0.5224609375
1.718,0.52734375
1.728,0.5224609375
1.737,0.52734375
1.747,0.537109375
1.757,0.5322265625
1.766,0.5322265625
1.776,0.5419921875
1.786,0.5322265625
1.795,0.546875
1.805,0.546875
1.815,0.5419921875
1.825,0.546875
1.834,0.556640625
1.844,0.5517578125
1.854,0.5517578125
1.863,0.556640625
1.873,0.556640625
1.883,0.556640625
1.892,0.56640625
1.902,0.5615234375
1.912,0.5615234375
1.921,0.56640625
1.931,0.56640625
1.941,0.5712890625
1.95,0.5712890625
1.96,0.5712890625
1.97,0.5712890625
1.979,0.5810546875
1.989,0.5810546875
1.999,0.576171875
2.009,0.5810546875
2.018,0.5859375
2.028,0.576171875
2.038,0.5810546875
2.048,0.5810546875
2.057,0.5908203125
2.067,0.5908203125
2.077,0.5908203125
2.086,0.595703125
2.096,0.6005859375
2.106,0.6005859375
2.116,0.60546875
2.126,0.60546875
2.136,0.60546875
2.145,0.60546875
2.155,0.6103515625
2.165,0.6103515625
2.175,0.615234375
2.185,0.6103515625
2.195,0.6103515625
2.205,0.625
2.214,0.625
2.224,0.625
2.234,0.625
2.244,0.625
2.254,0.625
2.264,0.6298828125
2.274,0.634765625
2.283,0.634765625
2.293,0.634765625
2.303,0.6396484375
2.313,0.6396484375
2.323,0.6396484375
2.333,0.6396484375
2.343,0.64453125
2.352,0.64453125
2.362,0.6494140625
2.372,0.6494140625
2.382,0.6494140625
2.392,0.654296875
2.402,0.654296875
2.412,0.654296875
2.421,0.6591796875
2.431,0.6640625
2.441,0.6640625
2.451,0.6640625
2.461,0.6640625
2.471,0.6640625
2.481,0.6689453125
2.49,0.6689453125
2.5,0.673828125
2.51,0.673828125
2.52,0.6787109375
2.53,0.6787109375
2.54,0.6787109375
2.55,0.68359375
2.559,0.6884765625
2.569,0.6884765625
2.579,0.693359375
2.589,0.6884765625
2.599,0.693359375
2.609,0.693359375
2.619,0.6982421875
2.628,0.6982421875
2.638,0.6982421875
2.648,0.703125
2.658,0.7080078125
2.668,0.703125
2.678,0.7080078125
2.688,0.7080078125
2.698,0.712890625
2.707,0.7177734375
2.717,0.7177734375
2.727,0.7177734375
2.737,0.7177734375
2.747,0.72265625
2.757,0.7275390625
2.767,0.7275390625
2.777,0.7275390625
2.786,0.7275390625
2.796,0.7275390625
2.806,0.732421875
2.816,0.7373046875
2.826,0.7373046875
2.836,0.7421875
2.846,0.7421875
2.855,0.7470703125
2.865,0.7421875
2.875,0.7421875
2.885,0.7470703125
2.895,0.751953125
2.905,0.751953125
2.915,0.7568359375
2.925,0.7568359375
2.934,0.76171875
2.944,0.7666015625
2.954,0.7666015625
2.964,0.76171875
2.974,0.76171875
2.984,0.76171875
2.994,0.7666015625
3.004,0.771484375
3.013,0.771484375
3.023,0.7763671875
3.033,0.7763671875
3.043,0.78125
3.053,0.7763671875
3.063,0.78125
3.073,0.78125
3.082,0.7861328125
3.092,0.7861328125
3.102,0.7861328125
3.112,0.791015625
3.122,0.791015625
3.132,0.791015625
3.142,0.7958984375
3.151,0.7958984375
3.161,0.7958984375
3.171,0.7958984375
3.181,0.8056640625
3.191,0.7958984375
3.201,0.7958984375
3.211,0.8056640625
3.22,0.810546875
3.23,0.810546875
3.24,0.810546875
3.25,0.8154296875
3.26,0.8154296875
3.27,0.8154296875
3.28,0.8251953125
3.289,0.8251953125
3.299,0.8203125
3.309,0.8203125
3.319,0.8251953125
3.329,0.8203125
3.339,0.8251953125
3.349,0.830078125
3.358,0.8349609375
3.368,0.8349609375
3.378,0.83984375
3.388,0.83984375
3.398,0.83984375
3.408,0.83984375
3.418,0.8447265625
3.428,0.8447265625
3.437,0.849609375
3.447,0.849609375
3.457,0.8544921875
3.467,0.849609375
3.477,0.859375
3.487,0.859375
3.497,0.859375
3.507,0.8544921875
3.516,0.8642578125
3.526,0.859375
3.536,0.8642578125
3.546,0.8642578125
3.556,0.8740234375
3.566,0.8740234375
3.576,0.8740234375
3.585,0.87890625
3.595,0.87890625
3.605,0.8837890625
3.615,0.87890625
3.625,0.87890625
3.635,0.8837890625
3.645,0.8837890625
3.655,0.8837890625
3.664,0.8935546875
3.674,0.8935546875
3.684,0.8984375
3.694,0.8984375
3.704,0.8984375
3.714,0.8935546875
3.724,0.8984375
3.734,0.8984375
3.743,0.9033203125
3.753,0.9033203125
3.763,0.908203125
3.773,0.9033203125
3.783,0.9130859375
3.793,0.908203125
3.803,0.9130859375
3.812,0.9130859375
3.822,0.91796875
3.832,0.91796875
3.842,0.91796875
3.852,0.9228515625
3.862,0.927734375
3.872,0.9228515625
3.881,0.9228515625
3.891,0.9228515625
3.901,0.9326171875
3.911,0.927734375
3.921,0.9326171875
3.931,0.9326171875
3.941,0.9326171875
3.95,0.9326171875
3.96,0.9423828125
3.97,0.9423828125
3.98,0.947265625
3.99,0.947265625
4.0,0.9423828125
4.01,0.9521484375
4.019,0.947265625
4.029,0.9521484375
4.039,0.9521484375
4.049,0.95703125
4.059,0.9521484375
4.068,0.95703125
4.078,0.95703125
4.088,0.9619140625
4.098,0.9619140625
4.108,0.966796875
4.117,0.966796875
4.127,0.966796875
4.137,0.9765625
4.147,0.9716796875
4.157,0.9765625
4.166,0.9716796875
4.176,0.9814453125
4.186,0.9814453125
4.196,0.9814453125
4.206,0.986328125
4.215,0.986328125
4.225,0.986328125
4.235,0.9912109375
4.245,0.99609375
4.255,0.9912109375
4.265,0.9912109375
4.275,0.9912109375
4.285,0.99609375
4.295,1.0009765625
4.305,1.005859375
4.315,1.0009765625
4.324,1.005859375
4.334,1.005859375
4.344,1.015625
4.354,1.0107421875
4.364,1.015625
4.374,1.015625
4.384,1.015625
4.394,1.0107421875
4.403,1.0205078125
4.413,1.015625
4.423,1.0205078125
4.433,1.0205078125
4.443,1.025390625
4.453,1.025390625
4.463,1.0302734375
4.473,1.025390625
4.483,1.0302734375
4.493,1.03515625
4.503,1.0302734375
4.512,1.0302734375
4.522,1.0400390625
4.532,1.03515625
4.542,1.0400390625
4.552,1.0400390625
4.562,1.0498046875
4.572,1.044921875
4.582,1.0498046875
4.592,1.0498046875
4.601,1.0498046875
4.611,1.0498046875
4.621,1.0498046875
4.631,1.0595703125
4.641,1.0546875
4.651,1.0595703125
4.661,1.064453125
4.671,1.0595703125
4.681,1.064453125
4.69,1.0693359375
4.7,1.064453125
4.71,1.0693359375
4.72,1.0693359375
4.73,1.0693359375
4.74,1.07421875
4.75,1.0791015625
4.76,1.0791015625
4.77,1.0791015625
4.78,1.0791015625
4.79,1.083984375
4.8,1.083984375
4.809,1.0888671875
4.819,1.09375
4.829,1.0888671875
4.839,1.0888671875
4.849,1.0888671875
4.859,1.09375
4.869,1.09375
4.879,1.0986328125
4.889,1.0986328125
4.899,1.0986328125
4.908,1.103515625
4.918,1.11328125
4.928,1.103515625
4.938,1.11328125
4.948,1.11328125
4.958,1.11328125
4.968,1.11328125
4.978,1.11328125
4.988,1.1181640625
4.998,1.1181640625
5.008,1.1181640625
5.017,1.1279296875
5.027,1.1181640625
5.037,1.1279296875
5.047,1.1328125
5.057,1.1328125
5.067,1.1328125
5.077,1.142578125
5.087,1.1328125
5.097,1.142578125
5.106,1.142578125
5.116,1.142578125
5.126,1.142578125
5.136,1.1474609375
5.146,1.15234375
5.156,1.1474609375
5.166,1.1474609375
5.176,1.15234375
5.186,1.15234375
5.196,1.1572265625
5.205,1.162109375
5.215,1.1572265625
5.225,1.1572265625
5.235,1.162109375
5.245,1.162109375
5.255,1.1669921875
5.265,1.171875
5.275,1.1669921875
5.285,1.1669921875
5.294,1.171875
5.304,1.171875
5.314,1.171875
5.324,1.1767578125
5.334,1.171875
5.344,1.181640625
5.354,1.181640625
5.364,1.181640625
5.374,1.181640625
5.384,1.19140625
5.394,1.181640625
5.403,1.1865234375
5.413,1.19140625
5.423,1.1865234375
5.433,1.19140625
5.443,1.1962890625
5.453,1.19140625
5.463,1.201171875
5.473,1.201171875
5.483,1.201171875
5.492,1.201171875
5.502,1.2060546875
5.512,1.201171875
5.522,1.2060546875
5.532,1.2060546875
5.542,1.2109375
5.552,1.2060546875
5.562,1.2158203125
5.572,1.2158203125
5.582,1.2158203125
5.591,1.220703125
5.601,1.220703125
5.611,1.2158203125
5.621,1.2255859375
5.631,1.2255859375
5.641,1.2255859375
5.651,1.2255859375
5.661,1.2353515625
5.671,1.2255859375
5.681,1.2353515625
5.69,1.2353515625
5.7,1.2353515625
5.71,1.2353515625
5.72,1.240234375
5.73,1.240234375
5.74,1.25
5.75,1.2451171875
5.76,1.240234375
5.77,1.2451171875
5.78,1.2548828125
5.789,1.2451171875
5.799,1.2548828125
5.809,1.2548828125
5.819,1.2646484375
5.829,1.2548828125
5.839,1.2646484375
5.849,1.2646484375
5.859,1.2646484375
5.869,1.2646484375
5.879,1.26953125
5.889,1.26953125
5.899,1.2744140625
5.908,1.2744140625
5.918,1.279296875
5.928,1.2744140625
5.938,1.279296875
5.948,1.279296875
5.958,1.2841796875
5.968,1.2744140625
5.978,1.2890625
5.988,1.2841796875
5.997,1.2841796875
6.007,1.2890625
6.017,1.2939453125
6.027,1.2939453125
6.037,1.2939453125
6.047,1.298828125
6.057,1.3037109375
6.067,1.298828125
6.077,1.3037109375
6.087,1.30859375
6.097,1.3037109375
6.106,1.3037109375
6.116,1.30859375
6.126,1.3134765625
6.136,1.3134765625
6.146,1.318359375
6.156,1.30859375
6.166,1.318359375
6.176,1.318359375
6.186,1.3232421875
6.195,1.318359375
6.205,1.3232421875
6.215,1.3134765625
6.225,1.328125
6.235,1.3232421875
6.245,1.328125
6.255,1.328125
6.265,1.3330078125
6.275,1.328125
6.285,1.3330078125
6.294,1.337890625
6.304,1.337890625
6.314,1.3330078125
6.324,1.3427734375
6.334,1.3427734375
6.344,1.3427734375
6.354,1.3427734375
6.364,1.34765625
6.374,1.34765625
6.384,1.3525390625
6.393,1.3525390625
6.403,1.3525390625
6.413,1.3525390625
6.423,1.357421875
6.433,1.3525390625
6.443,1.357421875
6.453,1.357421875
6.463,1.3671875
6.473,1.357421875
6.482,1.3623046875
6.492,1.3671875
6.502,1.3671875
6.512,1.3671875
6.522,1.3720703125
6.532,1.3720703125
6.542,1.3720703125
6.552,1.3818359375
6.562,1.376953125
6.572,1.376953125
6.581,1.3818359375
6.591,1.376953125
6.601,1.3818359375
6.611,1.38671875
6.621,1.38671875
6.631,1.38671875
6.641,1.396484375
6.651,1.38671875
6.661,1.3916015625
6.67,1.396484375
6.68,1.396484375
6.69,1.396484375
6.7,1.4013671875
6.71,1.4013671875
6.72,1.4013671875
6.73,1.4013671875
6.74,1.4013671875
6.75,1.40625
6.76,1.4111328125
6.77,1.40625
6.78,1.416015625
6.789,1.416015625
6.799,1.416015625
6.809,1.416015625
6.819,1.42578125
6.829,1.4208984375
6.839,1.42578125
6.849,1.42578125
6.859,1.4306640625
6.869,1.42578125
6.879,1.435546875
6.888,1.4306640625
6.898,1.435546875
6.908,1.4306640625
6.918,1.4453125
6.928,1.435546875
6.938,1.4453125
6.948,1.4453125
6.958,1.4453125
6.968,1.4453125
6.978,1.4453125
6.988,1.4501953125
6.998,1.4501953125
7.007,1.455078125
7.017,1.455078125
7.027,1.455078125
7.037,1.455078125
7.047,1.4599609375
7.057,1.455078125
7.067,1.46484375
7.077,1.46484375
7.087,1.46484375
7.096,1.46484375
7.106,1.4697265625
7.116,1.46484375
7.126,1.474609375
7.136,1.474609375
7.146,1.474609375
7.156,1.4697265625
7.166,1.4794921875
7.176,1.474609375
7.186,1.4794921875
7.195,1.4794921875
7.205,1.474609375
7.215,1.4794921875
7.225,1.4892578125
7.235,1.4794921875
7.245,1.4892578125
7.255,1.4892578125
7.265,1.4892578125
7.275,1.4892578125
7.284,1.494140625
7.294,1.4892578125
7.304,1.4990234375
7.314,1.4990234375
7.324,1.494140625
7.334,1.4990234375
7.344,1.50390625
7.354,1.4990234375
7.364,1.50390625
7.374,1.50390625
7.384,1.5087890625
7.393,1.5087890625
7.403,1.513671875
7.413,1.5087890625
7.423,1.513671875
7.433,1.513671875
7.443,1.513671875
7.453,1.5185546875
7.463,1.5234375
7.473,1.5185546875
7.483,1.5234375
7.492,1.5234375
7.502,1.5234375
7.512,1.5283203125
7.522,1.533203125
7.532,1.5283203125
7.542,1.533203125
7.552,1.5283203125
7.562,1.533203125
7.572,1.5380859375
7.581,1.5380859375
7.591,1.5380859375
7.601,1.5380859375
7.611,1.54296875
7.621,1.54296875
7.631,1.54296875
7.641,1.552734375
7.651,1.54296875
7.661,1.552734375
7.671,1.552734375
7.681,1.552734375
7.69,1.552734375
7.7,1.5625
7.71,1.5576171875
7.72,1.5625
7.73,1.5625
7.74,1.5673828125
7.75,1.5625
7.76,1.572265625
7.77,1.5673828125
7.78,1.572265625
7.789,1.5673828125
7.799,1.5771484375
7.809,1.572265625
7.819,1.58203125
7.829,1.5771484375
7.839,1.5869140625
7.849,1.58203125
7.859,1.5869140625
7.869,1.5771484375
7.879,1.591796875
7.889,1.5869140625
7.899,1.591796875
7.908,1.591796875
7.918,1.5966796875
7.928,1.5966796875
7.938,1.5966796875
7.948,1.5966796875
7.958,1.6015625
7.968,1.6015625
7.978,1.6015625
7.988,1.6064453125
7.998,1.6064453125
8.008,1.611328125
8.017,1.611328125
8.027,1.611328125
8.037,1.611328125
8.047,1.6162109375
8.057,1.6162109375
8.067,1.6162109375
8.077,1.6162109375
8.087,1.62109375
8.097,1.62109375
8.107,1.62109375
8.117,1.62109375
8.127,1.630859375
8.136,1.6259765625
8.146,1.630859375
8.156,1.630859375
8.166,1.630859375
8.176,1.630859375
8.186,1.6357421875
8.196,1.630859375
8.206,1.640625
8.216,1.6357421875
8.226,1.640625
8.236,1.6357421875
8.246,1.640625
8.256,1.640625
8.265,1.6455078125
8.275,1.6455078125
8.285,1.650390625
8.295,1.6455078125
8.305,1.650390625
8.315,1.6455078125
8.325,1.650390625
8.335,1.650390625
8.345,1.650390625
8.355,1.6552734375
8.365,1.6552734375
8.375,1.66015625
8.385,1.66015625
8.394,1.66015625
8.404,1.6650390625
8.413,1.669921875
8.423,1.6650390625
8.433,1.6650390625
8.442,1.669921875
8.452,1.6748046875
8.462,1.6748046875
8.471,1.6748046875
8.481,1.6748046875
8.491,1.6796875
8.5,1.6845703125
8.51,1.6796875
8.519,1.689453125
8.529,1.6845703125
8.539,1.689453125
8.548,1.689453125
8.558,1.689453125
8.568,1.6943359375
8.577,1.6943359375
8.587,1.69921875
8.597,1.6943359375
8.606,1.69921875
8.616,1.6943359375
8.626,1.69921875
8.635,1.69921875
8.645,1.69921875
8.654,1.7041015625
8.664,1.7041015625
8.674,1.708984375
8.683,1.7041015625
8.693,1.708984375
8.703,1.7138671875
8.712,1.708984375
8.722,1.7138671875
8.732,1.708984375
8.741,1.71875
8.751,1.7138671875
8.76,1.7236328125
8.77,1.71875
8.78,1.7333984375
8.789,1.7236328125
8.799,1.728515625
8.809,1.7333984375
8.818,1.728515625
8.828,1.7333984375
8.838,1.7333984375
8.847,1.7333984375
8.857,1.7333984375
8.866,1.73828125
8.876,1.7333984375
8.886,1.73828125
8.895,1.73828125
8.905,1.73828125
8.915,1.73828125
8.924,1.7431640625
8.934,1.73828125
8.944,1.7431640625
8.953,1.7431640625
8.963,1.748046875
8.973,1.748046875
8.982,1.7529296875
8.992,1.748046875
9.001,1.7529296875
9.011,1.7529296875
9.021,1.767578125
9.03,1.7578125
9.04,1.7626953125
9.05,1.7626953125
9.059,1.7724609375
9.069,1.7626953125
9.079,1.767578125
9.088,1.77734375
9.098,1.767578125
9.107,1.77734375
9.117,1.7724609375
9.127,1.77734375
9.136,1.7724609375
9.146,1.77734375
9.156,1.7724609375
9.165,1.77734375
9.175,1.77734375
9.185,1.7822265625
9.194,1.77734375
9.204,1.7822265625
9.213,1.7822265625
9.223,1.787109375
9.233,1.787109375
9.242,1.787109375
9.252,1.7919921875
9.262,1.7919921875
9.271,1.796875
9.281,1.796875
9.291,1.796875
9.3,1.8017578125
9.31,1.806640625
9.319,1.8017578125
9.329,1.8017578125
9.339,1.806640625
9.348,1.806640625
9.358,1.806640625
9.368,1.8115234375
9.377,1.806640625
9.387,1.806640625
9.396,1.8115234375
9.406,1.8115234375
9.416,1.8115234375
9.425,1.81640625
9.435,1.8115234375
9.445,1.81640625
9.454,1.81640625
9.464,1.81640625
9.474,1.8212890625
9.483,1.8212890625
9.493,1.8212890625
9.502,1.826171875
9.512,1.8310546875
9.522,1.8310546875
9.531,1.8310546875
9.541,1.8359375
9.551,1.8359375
9.56,1.8408203125
9.57,1.8408203125
9.58,1.845703125
9.589,1.845703125
9.599,1.845703125
9.608,1.8505859375
9.618,1.845703125
9.628,1.8505859375
9.637,1.845703125
9.647,1.8505859375
9.657,1.845703125
9.666,1.85546875
9.676,1.8505859375
9.686,1.8505859375
9.695,1.85546875
9.705,1.85546875
9.715,1.85546875
9.724,1.8603515625
9.734,1.85546875
9.744,1.8603515625
9.753,1.8603515625
9.763,1.865234375
9.772,1.865234375
9.782,1.8701171875
9.792,1.865234375
9.801,1.875
9.811,1.8701171875
9.821,1.884765625
9.83,1.875
9.84,1.8798828125
9.849,1.8798828125
9.859,1.8798828125
9.869,1.8798828125
9.878,1.8896484375
9.888,1.8896484375
9.898,1.884765625
9.907,1.89453125
9.917,1.884765625
9.927,1.8896484375
9.936,1.884765625
9.946,1.8896484375
9.956,1.8896484375
9.965,1.89453125
9.975,1.8896484375
9.985,1.89453125
9.994,1.8994140625
10.004,1.8994140625
10.014,1.8994140625
10.024,1.89453125
10.034,1.8994140625
10.044,1.904296875
10.054,1.904296875
10.064,1.9091796875
10.074,1.904296875
10.084,1.9091796875
10.094,1.9091796875
10.104,1.9091796875
10.114,1.9140625
10.124,1.923828125
10.134,1.9140625
10.144,1.9189453125
10.154,1.9189453125
10.164,1.9189453125
10.174,1.923828125
10.184,1.9287109375
10.194,1.923828125
10.204,1.9287109375
10.214,1.9287109375
10.224,1.9287109375
10.234,1.9287109375
10.244,1.93359375
10.254,1.93359375
10.264,1.93359375
10.274,1.9384765625
10.284,1.9384765625
10.294,1.9384765625
10.304,1.9482421875
10.314,1.9384765625
10.324,1.943359375
10.334,1.943359375
10.344,1.9482421875
10.354,1.9482421875
10.364,1.953125
10.374,1.953125
10.384,1.953125
10.394,1.953125
10.404,1.9580078125
10.414,1.9580078125
10.424,1.953125
10.434,1.9580078125
10.444,1.962890625
10.454,1.962890625
10.464,1.9677734375
10.474,1.962890625
10.484,1.9677734375
10.494,1.9677734375
10.504,1.9677734375
10.514,1.97265625
10.524,1.97265625
10.534,1.97265625
10.544,1.9677734375
10.554,1.9775390625
10.564,1.982421875
10.574,1.9775390625
10.584,1.97265625
10.594,1.982421875
10.604,1.982421875
10.614,1.9873046875
10.624,1.9873046875
10.634,1.9873046875
10.644,1.9921875
10.654,1.9873046875
10.664,1.9970703125
10.674,1.9921875
10.684,1.9970703125
10.694,1.9970703125
10.704,1.9970703125
10.714,1.9970703125
10.724,2.001953125
10.734,2.001953125
10.744,2.0068359375
10.754,2.0068359375
10.764,2.0068359375
10.774,2.0068359375
10.784,2.01171875
10.794,2.01171875
10.804,2.01171875
10.814,2.01171875
10.824,2.0166015625
10.834,2.01171875
10.844,2.021484375
10.855,2.0166015625
10.865,2.021484375
10.875,2.021484375
10.884,2.0263671875
10.895,2.021484375
10.905,2.0166015625
10.915,2.0263671875
10.925,2.03125
10.935,2.03125
10.945,2.03125
10.955,2.03125
10.965,2.0361328125
10.975,2.03125
10.985,2.0361328125
10.995,2.0361328125
11.005,2.041015625
11.015,2.0458984375
11.025,2.041015625
11.035,2.041015625
11.045,2.0458984375
11.055,2.0458984375
11.065,2.05078125
11.075,2.0458984375
11.085,2.05078125
11.095,2.05078125
11.105,2.0556640625
11.115,2.0458984375
11.125,2.0556640625
11.135,2.0556640625
11.145,2.060546875
11.155,2.060546875
11.165,2.0654296875
11.175,2.060546875
11.185,2.0654296875
11.195,2.060546875
11.205,2.0703125
11.215,2.0703125
11.225,2.0703125
11.235,2.0654296875
11.245,2.0703125
11.255,2.0703125
11.265,2.080078125
11.275,2.0751953125
11.285,2.080078125
11.295,2.080078125
11.305,2.0849609375
11.315,2.080078125
11.325,2.0849609375
11.335,2.0849609375
11.345,2.0849609375
11.355,2.08984375
11.365,2.08984375
11.375,2.08984375
11.385,2.08984375
11.395,2.0947265625
11.405,2.099609375
11.415,2.0947265625
11.425,2.0947265625
11.435,2.099609375
11.445,2.099609375
11.455,2.1044921875
11.465,2.1044921875
11.475,2.099609375
11.485,2.099609375
11.495,2.1044921875
11.505,2.1142578125
11.515,2.109375
11.525,2.109375
11.535,2.109375
11.545,2.1142578125
11.555,2.119140625
11.565,2.119140625
11.575,2.119140625
11.585,2.119140625
11.595,2.119140625
11.605,2.12890625
11.615,2.119140625
11.625,2.1240234375
11.635,2.1240234375
11.645,2.12890625
11.655,2.1337890625
11.665,2.12890625
11.675,2.12890625
11.685,2.12890625
11.695,2.1337890625
11.705,2.1337890625
11.715,2.1337890625
11.725,2.138671875
11.735,2.138671875
11.745,2.1435546875
11.756,2.138671875
11.766,2.138671875
11.776,2.1435546875
11.785,2.1484375
11.796,2.1484375
11.806,2.1484375
11.816,2.1484375
11.826,2.1533203125
11.836,2.1484375
11.846,2.1533203125
11.856,2.1533203125
11.866,2.158203125
11.876,2.158203125
11.886,2.158203125
11.896,2.158203125
11.906,2.1630859375
11.916,2.1630859375
11.926,2.1630859375
11.936,2.1630859375
11.946,2.1728515625
11.956,2.16796875
11.966,2.1728515625
11.976,2.1728515625
11.986,2.1728515625
11.996,2.1728515625
12.006,2.177734375
12.016,2.177734375
12.026,2.177734375
12.036,2.177734375
12.046,2.1826171875
12.056,2.177734375
12.066,2.1826171875
12.076,2.1826171875
12.086,2.1875
12.096,2.1923828125
12.106,2.1875
12.116,2.1875
12.126,2.1923828125
12.136,2.1923828125
12.146,2.197265625
12.156,2.1923828125
12.166,2.197265625
12.176,2.197265625
12.186,2.2021484375
12.196,2.197265625
12.206,2.2021484375
12.216,2.2021484375
12.226,2.20703125
12.236,2.20703125
12.246,2.2119140625
12.256,2.20703125
12.266,2.2119140625
12.276,2.2021484375
12.286,2.2119140625
12.296,2.216796875
12.306,2.216796875
12.316,2.216796875
12.326,2.216796875
12.336,2.2216796875
12.346,2.2265625
12.356,2.2216796875
12.366,2.2216796875
12.376,2.2216796875
12.386,2.2265625
12.396,2.2314453125
12.406,2.2314453125
12.416,2.2314453125
12.426,2.2314453125
12.436,2.2314453125
12.446,2.2412109375
12.456,2.2314453125
12.466,2.236328125
12.476,2.236328125
12.486,2.2412109375
12.496,2.2412109375
12.506,2.2412109375
12.516,2.2412109375
12.526,2.24609375
12.536,2.24609375
12.546,2.2509765625
12.556,2.24609375
12.566,2.2412109375
12.576,2.2509765625
12.586,2.255859375
12.596,2.2509765625
12.606,2.255859375
12.616,2.255859375
12.626,2.2607421875
12.637,2.255859375
12.647,2.2607421875
12.657,2.2607421875
12.667,2.265625
12.677,2.2607421875
12.687,2.265625
12.697,2.265625
12.707,2.2705078125
12.717,2.265625
12.727,2.2705078125
12.737,2.265625
12.747,2.275390625
12.757,2.2705078125
12.767,2.275390625
12.777,2.275390625
12.787,2.2802734375
12.797,2.275390625
12.807,2.2802734375
12.817,2.2802734375
12.827,2.28515625
12.837,2.2802734375
12.847,2.28515625
12.857,2.28515625
12.867,2.2900390625
12.877,2.28515625
12.887,2.294921875
12.897,2.2900390625
12.907,2.2998046875
12.917,2.294921875
12.927,2.2998046875
12.937,2.294921875
12.947,2.294921875
12.957,2.2998046875
12.967,2.3046875
12.977,2.3046875
12.987,2.3095703125
12.997,2.3046875
13.007,2.3095703125
13.017,2.3046875
13.027,2.3095703125
13.037,2.314453125
13.047,2.314453125
13.057,2.314453125
13.067,2.314453125
13.077,2.314453125
13.087,2.32421875
13.097,2.3193359375
13.107,2.3193359375
13.117,2.3193359375
13.127,2.32421875
13.137,2.32421875
13.147,2.3193359375
13.157,2.32421875
13.167,2.3193359375
13.177,2.3291015625
13.187,2.3291015625
13.197,2.3291015625
13.207,2.333984375
13.217,2.333984375
13.227,2.3388671875
13.237,2.333984375
13.247,2.3388671875
13.257,2.3388671875
13.267,2.3388671875
13.277,2.34375
13.287,2.34375
13.297,2.34375
13.307,2.3486328125
13.317,2.3486328125
13.328,2.3486328125
13.337,2.3486328125
13.347,2.353515625
13.357,2.353515625
13.368,2.353515625
13.378,2.353515625
13.388,2.3583984375
13.398,2.3583984375
13.408,2.36328125
13.418,2.3583984375
13.428,2.36328125
13.438,2.3583984375
13.448,2.3681640625
13.458,2.36328125
13.468,2.3681640625
13.478,2.3681640625
13.488,2.3681640625
13.498,2.3681640625
13.508,2.373046875
13.518,2.373046875
13.528,2.3779296875
13.538,2.373046875
13.548,2.3779296875
13.558,2.3779296875
13.568,2.3828125
13.578,2.3779296875
13.588,2.3828125
13.598,2.3876953125
13.608,2.3876953125
13.618,2.3828125
13.628,2.3828125
13.638,2.3876953125
13.648,2.392578125
13.658,2.3876953125
13.668,2.392578125
13.678,2.392578125
13.688,2.3974609375
13.698,2.392578125
13.708,2.3974609375
13.718,2.40234375
13.728,2.40234375
13.738,2.3974609375
13.748,2.40234375
13.758,2.40234375
13.768,2.4072265625
13.778,2.40234375
13.788,2.4072265625
13.798,2.412109375
13.808,2.412109375
13.818,2.4072265625
13.828,2.4169921875
13.838,2.412109375
13.848,2.4169921875
13.858,2.4169921875
13.868,2.4169921875
13.878,2.4169921875
13.888,2.421875
13.898,2.4169921875
13.908,2.4267578125
13.918,2.4169921875
13.928,2.4267578125
13.938,2.421875
13.948,2.431640625
13.958,2.4267578125
13.969,2.4365234375
13.979,2.4267578125
13.988,2.4365234375
13.999,2.431640625
14.009,2.4365234375
14.019,2.431640625
14.029,2.4365234375
14.039,2.4365234375
14.049,2.4462890625
14.059,2.44140625
14.069,2.44140625
14.079,2.44140625
14.089,2.451171875
14.099,2.4462890625
14.109,2.4560546875
14.119,2.4462890625
14.129,2.4560546875
14.139,2.451171875
14.149,2.4609375
14.159,2.4560546875
14.169,2.4560546875
14.179,2.4560546875
14.189,2.4658203125
14.199,2.4560546875
14.209,2.4658203125
14.219,2.4609375
14.229,2.470703125
14.239,2.4609375
14.249,2.470703125
14.259,2.4658203125
14.269,2.4755859375
14.279,2.4658203125
14.289,2.4755859375
14.299,2.470703125
14.309,2.48046875
14.319,2.4755859375
14.329,2.48046875
14.339,2.4755859375
14.349,2.4853515625
14.359,2.48046875
14.369,2.4853515625
14.379,2.48046875
14.389,2.490234375
14.399,2.48046875
14.409,2.490234375
14.419,2.4853515625
14.429,2.4951171875
14.439,2.4853515625
14.449,2.4951171875
14.459,2.4853515625
14.469,2.5
14.479,2.490234375
14.489,2.5
14.499,2.4951171875
14.509,2.509765625
14.519,2.4951171875
14.529,2.5048828125
14.539,2.4951171875
14.549,2.509765625
14.56,2.5048828125
14.569,2.509765625
14.579,2.5048828125
14.589,2.5146484375
14.6,2.509765625
14.61,2.509765625
14.62,2.509765625
14.63,2.51953125
14.64,2.5146484375
14.65,2.51953125
14.66,2.51953125
14.67,2.5244140625
14.68,2.51953125
14.69,2.529296875
14.7,2.51953125
14.71,2.529296875
14.72,2.5244140625
14.73,2.5341796875
14.74,2.5244140625
14.75,2.5341796875
14.76,2.5341796875
14.77,2.5390625
14.78,2.5341796875
14.79,2.5439453125
14.8,2.5341796875
14.81,2.5439453125
14.82,2.5390625
14.83,2.5439453125
14.84,2.5390625
14.85,2.548828125
14.86,2.5439453125
14.87,2.548828125
14.88,2.548828125
14.89,2.5537109375
14.9,2.5390625
14.91,2.5537109375
14.92,2.5537109375
14.93,2.55859375
14.94,2.5537109375
14.95,2.55859375
14.96,2.55859375
14.97,2.5634765625
14.98,2.55859375
14.99,2.5634765625
15.0,2.5634765625
15.01,2.568359375
15.02,2.5634765625
15.03,2.568359375
15.04,2.5634765625
15.05,2.5732421875
15.06,2.568359375
15.07,2.5732421875
15.08,2.5732421875
15.09,2.578125
15.1,2.5732421875
15.11,2.5732421875
15.12,2.5732421875
15.13,2.578125
15.14,2.578125
15.15,2.587890625
15.16,2.578125
15.17,2.587890625
15.18,2.5830078125
15.19,2.587890625
15.2,2.5927734375
15.21,2.5927734375
15.22,2.587890625
15.23,2.5927734375
15.24,2.5927734375
15.25,2.5927734375
15.26,2.5927734375
15.27,2.6025390625
15.28,2.5927734375
15.29,2.6025390625
15.3,2.5927734375
15.31,2.6025390625
15.32,2.59765625
15.33,2.607421875
15.34,2.6025390625
15.35,2.607421875
15.36,2.6025390625
15.37,2.6025390625
15.38,2.607421875
15.39,2.6123046875
15.4,2.607421875
15.41,2.6171875
15.42,2.6123046875
15.43,2.6171875
15.44,2.6171875
15.451,2.6220703125
15.46,2.6171875
15.47,2.6220703125
15.48,2.6171875
15.49,2.626953125
15.501,2.6220703125
15.511,2.626953125
15.521,2.626953125
15.531,2.626953125
15.54,2.626953125
15.551,2.6318359375
15.561,2.626953125
15.571,2.63671875
15.581,2.6318359375
15.591,2.6416015625
15.601,2.6318359375
15.611,2.63671875
15.621,2.63671875
15.631,2.6416015625
15.641,2.6416015625
15.651,2.646484375
15.661,2.6416015625
15.671,2.646484375
15.681,2.63671875
15.691,2.6513671875
15.701,2.6416015625
15.711,2.6513671875
15.721,2.646484375
15.731,2.65625
15.741,2.6513671875
15.751,2.65625
15.761,2.65625
15.771,2.65625
15.781,2.65625
15.791,2.6611328125
15.801,2.6611328125
15.811,2.65625
15.821,2.65625
15.831,2.666015625
15.841,2.6611328125
15.851,2.67578125
15.861,2.666015625
15.871,2.6708984375
15.881,2.666015625
15.891,2.67578125
15.901,2.666015625
15.911,2.67578125
15.921,2.6708984375
15.931,2.67578125
15.941,2.67578125
15.951,2.6806640625
15.961,2.67578125
15.971,2.685546875
15.981,2.6806640625
15.991,2.685546875
16.001,2.6806640625
16.011,2.685546875
16.021,2.685546875
16.031,2.6904296875
16.041,2.685546875
16.051,2.6953125
16.061,2.6953125
16.071,2.6953125
16.081,2.6904296875
16.091,2.7001953125
16.101,2.6904296875
16.111,2.6953125
16.121,2.6953125
16.131,2.7001953125
16.141,2.6953125
16.151,2.705078125
16.162,2.7001953125
16.172,2.705078125
16.182,2.705078125
16.192,2.7099609375
16.202,2.7001953125
16.212,2.71484375
16.222,2.705078125
16.232,2.71484375
16.242,2.7099609375
16.252,2.71484375
16.262,2.7099609375
16.272,2.7197265625
16.282,2.71484375
16.292,2.7197265625
16.302,2.7197265625
16.312,2.724609375
16.322,2.7197265625
16.332,2.724609375
16.342,2.7197265625
16.352,2.724609375
16.362,2.724609375
16.372,2.7294921875
16.382,2.7294921875
16.392,2.734375
16.402,2.7294921875
16.412,2.734375
16.422,2.7294921875
16.432,2.734375
16.442,2.734375
16.452,2.7392578125
16.462,2.7392578125
16.472,2.7392578125
16.482,2.7392578125
16.492,2.7392578125
16.502,2.7392578125
16.512,2.744140625
16.523,2.744140625
16.532,2.744140625
16.542,2.7490234375
16.553,2.7490234375
16.563,2.7490234375
16.573,2.75390625
16.583,2.75390625
16.593,2.75390625
16.603,2.75390625
16.613,2.7490234375
16.623,2.75390625
16.633,2.7587890625
16.643,2.7587890625
16.653,2.7587890625
16.663,2.763671875
16.673,2.7587890625
16.683,2.763671875
16.693,2.7685546875
16.703,2.7685546875
16.713,2.763671875
16.723,2.7734375
16.733,2.7685546875
16.743,2.7734375
16.753,2.7685546875
16.763,2.7734375
16.773,2.7734375
16.783,2.7783203125
16.793,2.7734375
16.804,2.783203125
16.814,2.7734375
16.824,2.7783203125
16.834,2.7734375
16.844,2.783203125
16.855,2.7783203125
16.865,2.783203125
16.875,2.7783203125
16.885,2.783203125
16.895,2.7783203125
16.906,2.783203125
16.916,2.783203125
16.926,2.7880859375
16.936,2.783203125
16.946,2.7880859375
16.957,2.7880859375
16.967,2.7880859375
16.977,2.7880859375
16.987,2.79296875
16.997,2.79296875
17.008,2.79296875
17.018,2.79296875
17.028,2.7978515625
17.038,2.7978515625
17.048,2.7978515625
17.059,2.7978515625
17.069,2.802734375
17.079,2.7978515625
17.089,2.802734375
17.099,2.802734375
17.11,2.8076171875
17.12,2.802734375
17.13,2.8125
17.14,2.8076171875
17.15,2.8173828125
17.16,2.8125
17.171,2.8173828125
17.181,2.8125
17.191,2.822265625
17.201,2.822265625
17.211,2.822265625
17.222,2.8271484375
17.232,2.83203125
17.242,2.822265625
17.252,2.83203125
17.262,2.8271484375
17.272,2.8369140625
17.283,2.83203125
17.293,2.83203125
17.303,2.8369140625
17.313,2.83203125
17.324,2.841796875
17.334,2.8369140625
17.344,2.841796875
17.354,2.8369140625
17.364,2.841796875
17.374,2.83203125
17.385,2.841796875
17.395,2.841796875
17.405,2.841796875
17.415,2.841796875
17.425,2.8466796875
17.436,2.841796875
17.446,2.8466796875
17.456,2.841796875
17.466,2.8466796875
17.476,2.841796875
17.487,2.8515625
17.497,2.8466796875
17.507,2.8515625
17.517,2.8515625
17.527,2.8515625
17.538,2.8515625
17.548,2.8564453125
17.558,2.8515625
17.568,2.8564453125
17.578,2.8564453125
17.589,2.8564453125
17.599,2.8564453125
17.609,2.8662109375
17.619,2.861328125
17.629,2.8662109375
17.64,2.861328125
17.65,2.87109375
17.66,2.8662109375
17.67,2.8759765625
17.68,2.861328125
17.691,2.8759765625
17.701,2.87109375
17.711,2.880859375
17.721,2.8759765625
17.731,2.880859375
17.742,2.880859375
17.752,2.8857421875
17.762,2.8857421875
17.772,2.8857421875
17.782,2.8857421875
17.793,2.890625
17.803,2.890625
17.813,2.890625
17.823,2.8955078125
17.833,2.890625
17.844,2.8955078125
17.854,2.8955078125
17.864,2.900390625
17.874,2.8955078125
17.884,2.900390625
17.895,2.8955078125
17.905,2.900390625
17.915,2.8955078125
17.925,2.900390625
17.935,2.8955078125
17.945,2.9052734375
17.956,2.900390625
17.966,2.9052734375
17.976,2.900390625
17.986,2.9052734375
17.997,2.900390625
18.007,2.91015625
18.017,2.9052734375
18.027,2.9052734375
18.037,2.9052734375
18.048,2.9052734375
18.058,2.91015625
18.068,2.91015625
18.078,2.91015625
18.088,2.9150390625
18.098,2.91015625
18.109,2.9150390625
18.119,2.9150390625
18.129,2.91015625
18.139,2.9150390625
18.149,2.9248046875
18.16,2.919921875
18.17,2.9248046875
18.18,2.9248046875
18.19,2.9296875
18.2,2.919921875
18.211,2.9296875
18.221,2.9296875
18.231,2.939453125
18.241,2.9296875
18.251,2.939453125
18.262,2.939453125
18.272,2.9443359375
18.282,2.939453125
18.292,2.94921875
18.302,2.939453125
18.313,2.94921875
18.323,2.94921875
18.333,2.94921875
18.343,2.94921875
18.353,2.9541015625
18.364,2.9541015625
18.374,2.94921875
18.384,2.958984375
18.394,2.94921875
18.404,2.958984375
18.414,2.9541015625
18.425,2.958984375
18.435,2.9541015625
18.445,2.958984375
18.455,2.9541015625
18.466,2.9638671875
18.476,2.958984375
18.486,2.958984375
18.496,2.9541015625
18.506,2.9638671875
18.516,2.958984375
18.527,2.9638671875
18.537,2.9638671875
18.547,2.9638671875
18.557,2.958984375
18.567,2.96875
18.578,2.9638671875
18.588,2.96875
18.598,2.96875
18.608,2.96875
18.619,2.9736328125
18.629,2.9736328125
18.639,2.9638671875
18.649,2.9736328125
18.659,2.9736328125
18.669,2.978515625
18.68,2.96875
18.69,2.9833984375
18.7,2.978515625
18.71,2.98828125
18.72,2.9833984375
18.731,2.98828125
18.741,2.9833984375
18.751,2.9931640625
18.761,2.98828125
18.771,2.998046875
18.782,2.9931640625
18.792,3.0029296875
18.802,2.998046875
18.812,3.0078125
18.822,2.998046875
18.833,3.0078125
18.843,2.998046875
18.853,3.0078125
18.863,3.0029296875
18.873,3.0078125
18.884,3.0078125
18.894,3.0078125
18.904,3.0126953125
18.914,3.0078125
18.924,3.017578125
18.935,3.0126953125
18.945,3.017578125
18.955,3.0126953125
18.965,3.0224609375
18.975,3.0078125
18.986,3.017578125
18.996,3.017578125
19.006,3.017578125
19.016,3.0126953125
19.026,3.0224609375
19.037,3.017578125
19.047,3.0224609375
19.057,3.017578125
19.067,3.017578125
19.077,3.0224609375
19.088,3.0224609375
19.098,3.0224609375
19.108,3.02734375
19.118,3.02734375
19.128,3.02734375
19.139,3.02734375
19.149,3.0322265625
19.159,3.02734375
19.169,3.0322265625
19.179,3.0322265625
19.19,3.0322265625
19.2,3.0322265625
19.21,3.037109375
19.22,3.0322265625
19.23,3.0419921875
19.24,3.037109375
19.251,3.046875
19.261,3.046875
19.271,3.046875
19.281,3.0419921875
19.291,3.0517578125
19.302,3.0419921875
19.312,3.056640625
19.322,3.0517578125
19.332,3.0615234375
19.342,3.056640625
19.353,3.0615234375
19.363,3.056640625
19.373,3.06640625
19.383,3.056640625
19.393,3.06640625
19.404,3.06640625
19.414,3.06640625
19.424,3.06640625
19.434,3.06640625
19.444,3.0712890625
19.455,3.0615234375
19.465,3.076171875
19.475,3.06640625
19.485,3.076171875
19.495,3.06640625
19.506,3.076171875
19.516,3.06640625
19.526,3.076171875
19.536,3.06640625
19.546,3.076171875
19.556,3.0712890625
19.567,3.076171875
19.577,3.0712890625
19.587,3.076171875
19.597,3.0712890625
19.608,3.0810546875
19.618,3.0810546875
19.628,3.0810546875
19.638,3.076171875
19.648,3.0810546875
19.659,3.076171875
19.669,3.0859375
19.679,3.0859375
19.689,3.0859375
19.699,3.0810546875
19.71,3.0908203125
19.72,3.0908203125
19.73,3.0908203125
19.74,3.0908203125
19.75,3.095703125
19.761,3.0908203125
19.771,3.095703125
19.781,3.095703125
19.791,3.1005859375
19.801,3.095703125
19.811,3.1103515625
19.822,3.1005859375
19.832,3.1103515625
19.842,3.1005859375
19.852,3.115234375
19.863,3.1103515625
19.873,3.115234375
19.883,3.10546875
19.893,3.1201171875
19.903,3.115234375
19.913,3.1201171875
19.924,3.1201171875
19.934,3.1201171875
19.944,3.1201171875
19.954,3.1201171875
19.964,3.125
19.975,3.125
19.985,3.1298828125
19.995,3.125
20.005,3.1298828125
20.016,3.1201171875
20.026,3.1298828125
20.036,3.1201171875
20.046,3.1298828125
20.056,3.1201171875
20.066,3.1298828125
20.077,3.125
20.087,3.134765625
20.097,3.125
20.107,3.134765625
20.117,3.125
20.128,3.134765625
20.138,3.1298828125
20.148,3.134765625
20.158,3.134765625
20.168,3.1298828125
20.178,3.134765625
20.189,3.1396484375
20.199,3.1396484375
20.209,3.1396484375
20.219,3.1396484375
20.229,3.1396484375
20.24,3.1396484375
20.25,3.14453125
20.26,3.14453125
20.27,3.14453125
20.28,3.14453125
20.291,3.1494140625
20.301,3.14453125
20.311,3.154296875
20.321,3.1494140625
20.331,3.1591796875
20.341,3.154296875
20.352,3.1640625
20.362,3.154296875
20.372,3.1640625
20.382,3.1591796875
20.392,3.1689453125
20.402,3.1640625
20.413,3.1689453125
20.423,3.1689453125
20.433,3.173828125
20.443,3.1689453125
20.453,3.173828125
20.464,3.1689453125
20.474,3.1787109375
20.484,3.173828125
20.494,3.1689453125
20.504,3.1787109375
20.515,3.1787109375
20.525,3.18359375
20.535,3.1787109375
20.545,3.18359375
20.555,3.173828125
20.566,3.1884765625
20.576,3.18359375
20.586,3.1884765625
20.596,3.1787109375
20.606,3.1884765625
20.616,3.1787109375
20.627,3.1884765625
20.637,3.1787109375
20.647,3.1884765625
20.657,3.18359375
20.667,3.1884765625
20.678,3.1787109375
20.688,3.193359375
20.698,3.18359375
20.708,3.193359375
20.718,3.1884765625
20.729,3.193359375
20.739,3.193359375
20.749,3.193359375
20.759,3.193359375
20.769,3.1982421875
20.78,3.193359375
20.79,3.1982421875
20.8,3.193359375
20.81,3.203125
20.82,3.1982421875
20.83,3.203125
20.841,3.203125
20.851,3.2080078125
20.861,3.203125
20.871,3.212890625
20.881,3.2080078125
20.892,3.2177734375
20.902,3.212890625
20.912,3.212890625
20.922,3.212890625
20.932,3.22265625
20.943,3.2177734375
20.953,3.2275390625
20.963,3.2177734375
20.973,3.232421875
20.983,3.2275390625
20.994,3.232421875
21.004,3.2275390625
21.014,3.232421875
21.024,3.232421875
21.034,3.232421875
21.044,3.232421875
21.055,3.232421875
21.065,3.2373046875
21.075,3.232421875
21.085,3.232421875
21.095,3.232421875
21.106,3.2421875
21.116,3.232421875
21.126,3.2421875
21.136,3.232421875
21.146,3.2421875
21.156,3.232421875
21.167,3.2470703125
21.177,3.232421875
21.187,3.2421875
21.197,3.2373046875
21.207,3.2421875
21.218,3.2421875
21.228,3.2421875
21.238,3.2421875
21.248,3.2421875
21.258,3.2470703125
21.268,3.2470703125
21.279,3.2421875
21.289,3.2470703125
21.299,3.2421875
21.309,3.251953125
21.32,3.2470703125
21.33,3.251953125
21.34,3.251953125
21.35,3.2568359375
21.36,3.251953125
21.371,3.2568359375
21.381,3.251953125
21.391,3.2568359375
21.401,3.26171875
21.411,3.26171875
21.421,3.26171875
21.432,3.2666015625
21.442,3.26171875
21.452,3.271484375
21.462,3.2666015625
21.472,3.2763671875
21.483,3.271484375
21.493,3.2763671875
21.503,3.2763671875
21.513,3.28125
21.523,3.28125
21.533,3.2861328125
21.544,3.2763671875
21.554,3.2861328125
21.564,3.28125
21.574,3.291015625
21.584,3.2861328125
21.595,3.2861328125
21.605,3.291015625
21.615,3.28125
21.625,3.2958984375
21.635,3.2861328125
21.646,3.2958984375
21.656,3.291015625
21.666,3.2958984375
21.676,3.2861328125
21.686,3.2958984375
21.697,3.291015625
21.707,3.2958984375
21.717,3.291015625
21.727,3.2958984375
21.737,3.2861328125
21.747,3.2958984375
21.758,3.291015625
21.768,3.2958984375
21.778,3.2958984375
21.788,3.30078125
21.799,3.2958984375
21.809,3.30078125
21.819,3.2958984375
21.829,3.30078125
21.839,3.30078125
21.849,3.30078125
21.86,3.30078125
21.87,3.3056640625
21.88,3.30078125
21.89,3.30078125
21.9,3.3056640625
21.911,3.310546875
21.921,3.310546875
21.931,3.310546875
21.941,3.310546875
21.951,3.3154296875
21.962,3.310546875
21.972,3.3251953125
21.982,3.3154296875
21.992,3.3251953125
22.002,3.3203125
22.013,3.330078125
22.023,3.3203125
22.033,3.3349609375
22.043,3.3251953125
22.053,3.3349609375
22.063,3.330078125
22.074,3.3349609375
22.084,3.3349609375
22.094,3.33984375
22.104,3.330078125
22.114,3.33984375
22.125,3.33984375
22.135,3.33984375
22.145,3.3447265625
22.155,3.3447265625
22.165,3.3447265625
22.176,3.33984375
22.186,3.3447265625
22.196,3.33984375
22.206,3.349609375
22.216,3.3349609375
22.226,3.349609375
22.237,3.33984375
22.247,3.349609375
22.257,3.3447265625
22.267,3.349609375
22.277,3.3447265625
22.288,3.349609375
22.298,3.3447265625
22.308,3.349609375
22.318,3.349609375
22.328,3.349609375
22.339,3.349609375
22.349,3.3544921875
22.359,3.349609375
22.369,3.3544921875
22.379,3.3544921875
22.39,3.3544921875
22.4,3.3544921875
22.41,3.3544921875
22.42,3.3544921875
22.43,3.359375
22.44,3.359375
22.451,3.359375
22.461,3.359375
22.471,3.3642578125
22.481,3.3642578125
22.491,3.369140625
22.502,3.3642578125
22.512,3.3740234375
22.522,3.369140625
22.532,3.37890625
22.542,3.369140625
22.553,3.37890625
22.563,3.3740234375
22.573,3.3837890625
22.583,3.3837890625
22.593,3.388671875
22.604,3.3837890625
22.614,3.388671875
22.624,3.3837890625
22.634,3.3935546875
22.644,3.3837890625
22.654,3.3935546875
22.665,3.388671875
22.675,3.3935546875
22.685,3.3935546875
22.695,3.388671875
22.705,3.3984375
22.716,3.3935546875
22.726,3.4033203125
22.736,3.3935546875
22.746,3.3984375
22.756,3.3935546875
22.767,3.4033203125
22.777,3.3935546875
22.787,3.4033203125
22.797,3.3984375
22.807,3.3984375
22.818,3.3984375
22.828,3.4033203125
22.838,3.3935546875
22.848,3.4033203125
22.858,3.3984375
22.869,3.4033203125
22.879,3.4033203125
22.889,3.4033203125
22.899,3.4033203125
22.909,3.408203125
22.92,3.4033203125
22.93,3.4033203125
22.94,3.408203125
22.95,3.408203125
22.96,3.408203125
22.971,3.4130859375
22.981,3.408203125
22.991,3.4130859375
23.001,3.408203125
23.011,3.41796875
23.021,3.4130859375
23.032,3.4228515625
23.042,3.41796875
23.052,3.4228515625
23.062,3.41796875
23.072,3.427734375
23.083,3.4228515625
23.093,3.4326171875
23.103,3.427734375
23.113,3.4375
23.123,3.4326171875
23.133,3.4423828125
23.144,3.4326171875
23.154,3.4423828125
23.164,3.4326171875
23.174,3.4423828125
23.184,3.4375
23.195,3.447265625
23.205,3.4423828125
23.215,3.4423828125
23.225,3.447265625
23.235,3.447265625
23.246,3.447265625
23.256,3.447265625
23.266,3.4521484375
23.276,3.447265625
23.286,3.45703125
23.297,3.4423828125
23.307,3.4521484375
23.317,3.4423828125
23.327,3.45703125
23.337,3.4521484375
23.347,3.4521484375
23.358,3.447265625
23.368,3.4521484375
23.378,3.447265625
23.388,3.4521484375
23.398,3.4521484375
23.409,3.4521484375
23.419,3.4521484375
23.429,3.4521484375
23.439,3.4521484375
23.449,3.45703125
23.46,3.45703125
23.47,3.45703125
23.48,3.45703125
23.49,3.4619140625
23.5,3.45703125
23.511,3.466796875
23.521,3.4619140625
23.531,3.4619140625
23.541,3.4619140625
23.551,3.466796875
23.561,3.4619140625
23.572,3.466796875
23.582,3.466796875
23.592,3.4765625
23.602,3.466796875
23.613,3.4814453125
23.623,3.4716796875
23.633,3.4814453125
23.643,3.4765625
23.653,3.486328125
23.664,3.4814453125
23.674,3.4912109375
23.684,3.486328125
23.694,3.4912109375
23.704,3.486328125
23.714,3.49609375
23.725,3.486328125
23.735,3.49609375
23.745,3.4912109375
23.755,3.49609375
23.765,3.49609375
23.776,3.49609375
23.786,3.49609375
23.796,3.4912109375
23.806,3.5009765625
23.816,3.49609375
23.827,3.505859375
23.837,3.49609375
23.847,3.505859375
23.857,3.4912109375
23.867,3.49609375
23.878,3.49609375
23.888,3.505859375
23.898,3.49609375
23.908,3.505859375
23.918,3.5009765625
23.929,3.505859375
23.939,3.5009765625
23.949,3.505859375
23.959,3.5009765625
23.969,3.505859375
23.98,3.505859375
23.99,3.505859375
24.0,3.505859375
24.01,3.5107421875
24.02,3.505859375
24.03,3.5107421875
24.041,3.5107421875
24.051,3.5107421875
24.061,3.515625
24.071,3.515625
24.081,3.515625
24.092,3.5205078125
24.102,3.515625
24.112,3.5107421875
24.122,3.515625
24.132,3.525390625
24.142,3.5205078125
24.153,3.525390625
24.163,3.5205078125
24.173,3.53515625
24.183,3.525390625
24.193,3.53515625
24.204,3.5302734375
24.214,3.53515625
24.224,3.53515625
24.234,3.544921875
24.244,3.525390625
24.255,3.5498046875
24.265,3.53515625
24.275,3.544921875
24.285,3.5400390625
24.295,3.544921875
24.306,3.544921875
24.316,3.544921875
24.326,3.5498046875
24.336,3.544921875
24.346,3.5546875
24.356,3.544921875
24.367,3.5546875
24.377,3.544921875
24.387,3.5546875
24.397,3.544921875
24.408,3.5546875
24.418,3.544921875
24.428,3.5546875
24.438,3.544921875
24.448,3.5498046875
24.459,3.544921875
24.469,3.5498046875
24.479,3.5498046875
24.489,3.5546875
24.499,3.5498046875
24.509,3.5546875
24.52,3.5498046875
24.53,3.5546875
24.54,3.5546875
24.55,3.5595703125
24.561,3.5546875
24.571,3.5595703125
24.581,3.5546875
24.591,3.564453125
24.601,3.5595703125
24.611,3.5546875
24.622,3.5595703125
24.632,3.564453125
24.642,3.5595703125
24.652,3.5693359375
24.662,3.564453125
24.673,3.57421875
24.683,3.5693359375
24.693,3.5791015625
24.703,3.5693359375
24.713,3.583984375
24.724,3.57421875
24.734,3.583984375
24.744,3.5791015625
24.754,3.5888671875
24.764,3.583984375
24.775,3.59375
24.785,3.583984375
24.795,3.59375
24.805,3.583984375
24.815,3.59375
24.825,3.59375
24.836,3.59375
24.846,3.59375
24.856,3.59375
24.866,3.603515625
24.877,3.5888671875
24.887,3.603515625
24.897,3.5888671875
24.907,3.603515625
24.917,3.59375
24.928,3.59375
24.938,3.5888671875
24.948,3.603515625
24.958,3.59375
24.968,3.603515625
24.978,3.59375
24.989,3.5986328125
24.999,3.59375
25.009,3.603515625
25.019,3.59375
25.03,3.5986328125
25.04,3.5986328125
25.05,3.603515625
25.06,3.603515625
25.07,3.603515625
25.08,3.603515625
25.091,3.603515625
25.101,3.603515625
25.111,3.6083984375
25.121,3.5986328125
25.131,3.6083984375
25.142,3.6083984375
25.152,3.61328125
25.162,3.6083984375
25.172,3.61328125
25.182,3.61328125
25.192,3.6181640625
25.203,3.6181640625
25.213,3.623046875
25.223,3.6181640625
25.233,3.623046875
25.243,3.623046875
25.254,3.6328125
25.264,3.623046875
25.274,3.6328125
25.284,3.6279296875
25.294,3.6376953125
25.305,3.6279296875
25.315,3.6376953125
25.325,3.6328125
25.335,3.642578125
25.345,3.6328125
25.356,3.642578125
25.366,3.642578125
25.376,3.642578125
25.386,3.642578125
25.396,3.642578125
25.406,3.6474609375
25.417,3.642578125
25.427,3.6474609375
25.437,3.6376953125
25.447,3.6474609375
25.457,3.6376953125
25.468,3.6474609375
25.478,3.6376953125
25.488,3.6474609375
25.498,3.642578125
25.508,3.6474609375
25.519,3.6376953125
25.529,3.6474609375
25.539,3.642578125
25.549,3.6474609375
25.559,3.642578125
25.57,3.6474609375
25.58,3.6474609375
25.59,3.65234375
25.6,3.6474609375
25.61,3.642578125
25.621,3.6474609375
25.631,3.65234375
25.641,3.65234375
25.651,3.65234375
25.661,3.65234375
25.672,3.6572265625
25.682,3.65234375
25.692,3.6572265625
25.702,3.6572265625
25.712,3.662109375
25.723,3.662109375
25.733,3.6669921875
25.743,3.662109375
25.753,3.671875
25.763,3.662109375
25.774,3.6767578125
25.784,3.6669921875
25.794,3.6767578125
25.804,3.6669921875
25.814,3.681640625
25.825,3.6767578125
25.835,3.6865234375
25.845,3.6767578125
25.855,3.681640625
25.865,3.681640625
25.875,3.6865234375
25.886,3.681640625
25.896,3.6865234375
25.906,3.69140625
25.916,3.681640625
25.927,3.6962890625
25.937,3.6865234375
25.947,3.69140625
25.957,3.6865234375
25.967,3.69140625
25.977,3.681640625
25.988,3.69140625
25.998,3.6865234375
26.008,3.69140625
26.018,3.6865234375
26.028,3.69140625
26.039,3.6865234375
26.049,3.69140625
26.059,3.6865234375
26.069,3.69140625
26.08,3.69140625
26.09,3.6962890625
26.1,3.69140625
26.11,3.69140625
26.12,3.6865234375
26.13,3.6962890625
26.141,3.6962890625
26.151,3.6962890625
26.161,3.69140625
26.171,3.6962890625
26.181,3.6962890625
26.192,3.701171875
26.202,3.701171875
26.212,3.701171875
26.222,3.701171875
26.232,3.7060546875
26.242,3.701171875
26.253,3.7060546875
26.263,3.701171875
26.273,3.7109375
26.283,3.7109375
26.293,3.7158203125
26.304,3.7109375
26.314,3.7255859375
26.324,3.7158203125
26.334,3.7255859375
26.344,3.7255859375
26.355,3.73046875
26.365,3.720703125
26.375,3.73046875
26.385,3.720703125
26.395,3.7353515625
26.406,3.7255859375
26.416,3.73046875
26.426,3.73046875
26.436,3.7255859375
26.446,3.73046875
26.457,3.73046875
26.467,3.740234375
26.477,3.73046875
26.487,3.740234375
26.497,3.73046875
26.508,3.740234375
26.518,3.73046875
26.528,3.740234375
26.538,3.73046875
26.548,3.740234375
26.558,3.73046875
26.569,3.740234375
26.579,3.7353515625
26.589,3.740234375
26.599,3.7353515625
26.61,3.7353515625
26.62,3.73046875
26.63,3.740234375
26.64,3.740234375
26.65,3.740234375
26.66,3.740234375
26.671,3.7451171875
26.681,3.740234375
26.691,3.740234375
26.701,3.740234375
26.711,3.7451171875
26.722,3.7451171875
26.732,3.75
26.742,3.7451171875
26.752,3.7451171875
26.762,3.7451171875
26.773,3.7548828125
26.783,3.75
26.793,3.759765625
26.803,3.7451171875
26.813,3.7646484375
26.824,3.7548828125
26.834,3.7646484375
26.844,3.759765625
26.854,3.76953125
26.864,3.759765625
26.875,3.7744140625
26.885,3.7646484375
26.895,3.7744140625
26.905,3.7646484375
26.915,3.779296875
26.926,3.76953125
26.936,3.779296875
26.946,3.7744140625
26.956,3.779296875
26.966,3.779296875
26.977,3.7744140625
26.987,3.779296875
26.997,3.7744140625
27.007,3.7890625
27.017,3.7744140625
27.028,3.7841796875
27.038,3.76953125
27.048,3.7841796875
27.058,3.779296875
27.068,3.779296875
27.079,3.7744140625
27.089,3.7841796875
27.099,3.7744140625
27.109,3.7744140625
27.119,3.7744140625
27.129,3.779296875
27.14,3.779296875
27.15,3.779296875
27.16,3.779296875
27.17,3.7841796875
27.18,3.7841796875
27.191,3.7890625
27.201,3.7841796875
27.211,3.7841796875
27.221,3.7841796875
27.231,3.7890625
27.241,3.7841796875
27.252,3.7939453125
27.262,3.7890625
27.272,3.7890625
27.282,3.7939453125
27.292,3.7939453125
27.303,3.7890625
27.313,3.798828125
27.323,3.7939453125
27.333,3.8037109375
27.344,3.798828125
27.354,3.8134765625
27.364,3.8037109375
27.374,3.8134765625
27.384,3.8037109375
27.394,3.818359375
27.405,3.80859375
27.415,3.8134765625
27.425,3.80859375
27.435,3.8232421875
27.445,3.8134765625
27.456,3.818359375
27.466,3.8134765625
27.476,3.818359375
27.486,3.818359375
27.496,3.818359375
27.507,3.8232421875
27.517,3.8134765625
27.527,3.828125
27.537,3.818359375
27.547,3.828125
27.558,3.818359375
27.568,3.828125
27.578,3.8134765625
27.588,3.828125
27.598,3.8232421875
27.609,3.818359375
27.619,3.818359375
27.629,3.828125
27.639,3.818359375
27.649,3.8232421875
27.66,3.818359375
27.67,3.828125
27.68,3.8232421875
27.69,3.8232421875
27.7,3.818359375
27.711,3.828125
27.721,3.828125
27.731,3.828125
27.741,3.828125
27.751,3.8330078125
27.762,3.828125
27.772,3.837890625
27.782,3.828125
27.792,3.8330078125
27.802,3.8330078125
27.812,3.837890625
27.823,3.837890625
27.833,3.837890625
27.843,3.837890625
27.853,3.84765625
27.864,3.8427734375
27.874,3.84765625
27.884,3.8427734375
27.894,3.8525390625
27.904,3.84765625
27.915,3.857421875
27.925,3.84765625
27.935,3.857421875
27.945,3.8525390625
27.955,3.857421875
27.965,3.8525390625
27.976,3.8623046875
27.986,3.857421875
27.996,3.8671875
28.006,3.857421875
28.017,3.8671875
28.027,3.8671875
28.037,3.857421875
28.047,3.8671875
28.057,3.8623046875
28.067,3.8671875
28.078,3.857421875
28.088,3.8720703125
28.098,3.8623046875
28.108,3.8671875
28.118,3.857421875
28.129,3.8671875
28.139,3.8623046875
28.149,3.8671875
28.159,3.8623046875
28.169,3.8671875
28.18,3.8623046875
28.19,3.8671875
28.2,3.8671875
28.21,3.8671875
28.22,3.8671875
28.231,3.8671875
28.241,3.8671875
28.251,3.876953125
28.261,3.8671875
28.271,3.8720703125
28.281,3.8671875
28.292,3.8720703125
28.302,3.8720703125
28.312,3.876953125
28.322,3.8671875
28.332,3.8818359375
28.343,3.8720703125
28.353,3.8818359375
28.363,3.8818359375
28.373,3.88671875
28.384,3.8818359375
28.394,3.8916015625
28.404,3.88671875
28.414,3.896484375
28.424,3.8916015625
28.434,3.896484375
28.445,3.896484375
28.455,3.90625
28.465,3.896484375
28.475,3.90625
28.485,3.9013671875
28.496,3.90625
28.506,3.9013671875
28.516,3.90625
28.526,3.9013671875
28.536,3.9013671875
28.547,3.90625
28.557,3.90625
28.567,3.9111328125
28.577,3.9013671875
28.587,3.9111328125
28.598,3.9013671875
28.608,3.9111328125
28.618,3.9013671875
28.628,3.90625
28.638,3.90625
28.649,3.90625
28.659,3.9013671875
28.669,3.90625
28.679,3.9013671875
28.689,3.90625
28.7,3.90625
28.71,3.90625
28.72,3.90625
28.73,3.916015625
28.74,3.90625
28.751,3.9111328125
28.761,3.9111328125
28.771,3.916015625
28.781,3.9111328125
28.791,3.9111328125
28.802,3.916015625
28.812,3.916015625
28.822,3.916015625
28.832,3.9208984375
28.842,3.916015625
28.852,3.9208984375
28.863,3.916015625
28.873,3.92578125
28.883,3.9208984375
28.893,3.92578125
28.904,3.92578125
28.914,3.935546875
28.924,3.92578125
28.934,3.935546875
28.944,3.9306640625
28.955,3.9404296875
28.965,3.935546875
28.975,3.9453125
28.985,3.935546875
28.995,3.9453125
29.006,3.9404296875
29.016,3.9453125
29.026,3.9453125
29.036,3.9453125
29.046,3.9453125
29.057,3.9453125
29.067,3.9501953125
29.077,3.9404296875
29.087,3.9501953125
29.097,3.935546875
29.107,3.9501953125
29.118,3.9404296875
29.128,3.9501953125
29.138,3.9404296875
29.148,3.9453125
29.159,3.9404296875
29.169,3.9501953125
29.179,3.9453125
29.189,3.9501953125
29.199,3.9453125
29.209,3.9501953125
29.22,3.9453125
29.23,3.9501953125
29.24,3.9453125
29.25,3.9453125
29.26,3.9453125
29.271,3.955078125
29.281,3.9501953125
29.291,3.955078125
29.301,3.9501953125
29.312,3.955078125
29.322,3.955078125
29.332,3.955078125
29.342,3.955078125
29.352,3.9599609375
29.362,3.955078125
29.373,3.96484375
29.383,3.9599609375
29.393,3.96484375
29.403,3.96484375
29.413,3.9697265625
29.424,3.96484375
29.434,3.974609375
29.444,3.9697265625
29.454,3.974609375
29.464,3.974609375
29.475,3.9794921875
29.485,3.974609375
29.495,3.984375
29.505,3.974609375
29.515,3.984375
29.526,3.9794921875
29.536,3.984375
29.546,3.984375
29.556,3.984375
29.566,3.984375
29.577,3.984375
29.587,3.9892578125
29.597,3.9892578125
29.607,3.9892578125
29.617,3.9794921875
29.628,3.994140625
29.638,3.984375
29.648,3.994140625
29.658,3.9892578125
29.668,3.984375
29.679,3.984375
29.689,3.994140625
29.699,3.984375
29.709,3.9892578125
29.719,3.984375
29.73,3.994140625
29.74,3.984375
29.75,3.9892578125
29.76,3.9892578125
29.77,3.9892578125
29.781,3.9892578125
29.791,3.994140625
29.801,3.9892578125
29.811,3.994140625
29.821,3.994140625
29.832,3.994140625
29.842,3.994140625
29.852,3.9990234375
29.862,3.994140625
29.872,3.9990234375
29.883,3.994140625
29.893,4.00390625
29.903,3.994140625
29.913,3.9990234375
29.923,4.00390625
29.934,4.013671875
29.944,4.00390625
29.954,4.0185546875
29.964,4.0087890625
29.974,4.0234375
29.985,4.013671875
29.995,4.0234375
30.005,4.013671875
30.015,4.0234375
30.025,4.0185546875
30.035,4.0234375
30.046,4.0234375
30.056,4.0234375
30.066,4.0234375
30.076,4.0283203125
30.086,4.0234375
30.097,4.0234375
30.107,4.033203125
30.117,4.0185546875
30.127,4.033203125
30.137,4.0234375
30.147,4.033203125
30.158,4.0234375
30.168,4.033203125
30.178,4.0234375
30.188,4.033203125
30.199,4.0234375
30.209,4.0283203125
30.219,4.0234375
30.229,4.033203125
30.239,4.0234375
30.249,4.033203125
30.26,4.0283203125
30.27,4.0283203125
30.28,4.0234375
30.29,4.033203125
30.3,4.0283203125
30.311,4.033203125
30.321,4.033203125
30.331,4.033203125
30.341,4.033203125
30.351,4.033203125
30.361,4.033203125
30.372,4.0380859375
30.382,4.033203125
30.392,4.04296875
30.402,4.0380859375
30.412,4.04296875
30.423,4.0380859375
30.433,4.0380859375
30.443,4.04296875
30.453,4.0478515625
30.463,4.04296875
30.473,4.052734375
30.484,4.0478515625
30.494,4.0625
30.504,4.052734375
30.514,4.0625
30.524,4.0576171875
30.535,4.0625
30.545,4.052734375
30.555,4.0673828125
30.565,4.0576171875
30.575,4.0673828125
30.586,4.0625
30.596,4.0673828125
30.606,4.0673828125
30.616,4.0673828125
30.626,4.072265625
30.637,4.0625
30.647,4.0771484375
30.657,4.0673828125
30.667,4.072265625
30.677,4.0673828125
30.688,4.072265625
30.698,4.0625
30.708,4.072265625
30.718,4.0673828125
30.728,4.072265625
30.739,4.0625
30.749,4.072265625
30.759,4.0625
30.769,4.072265625
30.779,4.0673828125
30.79,4.072265625
30.8,4.0673828125
30.81,4.072265625
30.82,4.0673828125
30.83,4.072265625
30.84,4.0673828125
30.851,4.0771484375
30.861,4.072265625
30.871,4.072265625
30.881,4.0771484375
30.891,4.0771484375
30.902,4.072265625
30.912,4.08203125
30.922,4.0771484375
30.932,4.08203125
30.942,4.08203125
30.953,4.08203125
30.963,4.08203125
30.973,4.091796875
30.983,4.08203125
30.993,4.091796875
31.004,4.0869140625
31.014,4.0966796875
31.024,4.091796875
31.034,4.1015625
31.044,4.091796875
31.054,4.1064453125
31.065,4.1015625
31.075,4.1064453125
31.085,4.0966796875
31.095,4.1015625
31.105,4.1015625
31.116,4.111328125
31.126,4.1015625
31.136,4.111328125
31.146,4.1064453125
31.156,4.1064453125
31.166,4.1162109375
31.177,4.1015625
31.187,4.1162109375
31.197,4.1064453125
31.207,4.111328125
31.218,4.0966796875
31.228,4.111328125
31.238,4.1015625
31.248,4.111328125
31.258,4.1064453125
31.268,4.111328125
31.279,4.1064453125
31.289,4.111328125
31.299,4.1015625
31.309,4.1162109375
31.319,4.1064453125
31.33,4.111328125
31.34,4.111328125
31.35,4.111328125
31.36,4.111328125
31.37,4.1064453125
31.381,4.1064453125
31.391,4.1162109375
31.401,4.1162109375
31.411,4.12109375
31.421,4.1162109375
31.432,4.1162109375
31.442,4.12109375
31.452,4.12109375
31.462,4.12109375
31.472,4.1259765625
31.483,4.12109375
31.493,4.1259765625
31.503,4.12109375
31.513,4.130859375
31.523,4.1259765625
31.533,4.130859375
31.544,4.130859375
31.554,4.1357421875
31.564,4.130859375
31.574,4.1455078125
31.584,4.1357421875
31.595,4.140625
31.605,4.1357421875
31.615,4.1455078125
31.625,4.140625
31.635,4.150390625
31.646,4.140625
31.656,4.150390625
31.666,4.150390625
31.676,4.1455078125
31.686,4.150390625
31.697,4.1455078125
31.707,4.150390625
31.717,4.140625
31.727,4.1552734375
31.737,4.140625
31.748,4.150390625
31.758,4.140625
31.768,4.150390625
31.778,4.140625
31.788,4.150390625
31.799,4.1455078125
31.809,4.150390625
31.819,4.140625
31.829,4.150390625
31.839,4.1455078125
31.849,4.150390625
31.86,4.150390625
31.87,4.150390625
31.88,4.150390625
31.89,4.150390625
31.901,4.150390625
31.911,4.150390625
31.921,4.1455078125
31.931,4.1552734375
31.941,4.150390625
31.952,4.16015625
31.962,4.150390625
31.972,4.16015625
31.982,4.1552734375
31.992,4.16015625
32.002,4.16015625
32.013,4.1650390625
32.023,4.16015625
32.033,4.169921875
32.043,4.16015625
32.053,4.1748046875
32.063,4.1650390625
32.073,4.1748046875
32.083,4.1650390625
32.093,4.1796875
32.104,4.1650390625
32.114,4.1796875
32.124,4.1748046875
32.134,4.1845703125
32.144,4.1748046875
32.154,4.1845703125
32.164,4.1796875
32.174,4.1845703125
32.184,4.1748046875
32.195,4.189453125
32.205,4.1845703125
32.215,4.1943359375
32.225,4.1845703125
32.235,4.1943359375
32.245,4.1845703125
32.255,4.1943359375
32.265,4.189453125
32.275,4.1943359375
32.286,4.189453125
32.296,4.189453125
32.306,4.1943359375
32.316,4.1943359375
32.326,4.19921875
32.336,4.1943359375
32.346,4.19921875
32.356,4.1943359375
32.366,4.2041015625
32.377,4.1943359375
32.387,4.2041015625
32.397,4.1943359375
32.407,4.2041015625
32.417,4.189453125
32.427,4.2041015625
32.437,4.19921875
32.447,4.2041015625
32.457,4.189453125
32.468,4.2041015625
32.478,4.1943359375
32.488,4.208984375
32.498,4.1943359375
32.508,4.2041015625
32.518,4.1943359375
32.528,4.2041015625
32.538,4.19921875
32.548,4.2041015625
32.559,4.2041015625
32.569,4.2041015625
32.579,4.19921875
32.589,4.208984375
32.599,4.1943359375
32.609,4.208984375
32.619,4.2041015625
32.629,4.2041015625
32.639,4.2041015625
32.65,4.2041015625
32.66,4.2041015625
32.67,4.208984375
32.68,4.208984375
32.69,4.208984375
32.7,4.208984375
32.71,4.2138671875
32.72,4.208984375
32.731,4.2138671875
32.741,4.2138671875
32.751,4.2138671875
32.761,4.2138671875
32.771,4.2138671875
32.781,4.2138671875
32.791,4.2138671875
32.801,4.208984375
32.811,4.2138671875
32.822,4.2138671875
32.832,4.2236328125
32.842,4.2138671875
32.852,4.21875
32.862,4.2236328125
32.872,4.2236328125
32.882,4.2236328125
32.892,4.228515625
32.902,4.2236328125
32.913,4.2333984375
32.923,4.2236328125
32.933,4.2333984375
32.943,4.228515625
32.953,4.23828125
32.963,4.228515625
32.973,4.23828125
32.983,4.2333984375
32.993,4.2333984375
33.004,4.2333984375
33.014,4.2431640625
33.024,4.23828125
33.034,4.248046875
33.044,4.2431640625
33.054,4.248046875
33.064,4.248046875
33.074,4.2529296875
33.084,4.2431640625
33.095,4.2529296875
33.105,4.248046875
33.115,4.2578125
33.125,4.248046875
33.135,4.2529296875
33.145,4.2529296875
33.155,4.2578125
33.165,4.2529296875
33.175,4.2626953125
33.186,4.2578125
33.196,4.2578125
33.206,4.2626953125
33.216,4.2626953125
33.226,4.2626953125
33.236,4.2578125
33.246,4.2626953125
33.256,4.2578125
33.266,4.267578125
33.277,4.2578125
33.287,4.267578125
33.297,4.2578125
33.307,4.267578125
33.317,4.2626953125
33.327,4.267578125
33.337,4.2626953125
33.347,4.267578125
33.357,4.2578125
33.368,4.267578125
33.378,4.2578125
33.388,4.267578125
33.398,4.2626953125
33.408,4.2626953125
33.418,4.2578125
33.428,4.2626953125
33.438,4.2626953125
33.448,4.267578125
33.459,4.2626953125
33.469,4.267578125
33.479,4.267578125
33.489,4.267578125
33.499,4.267578125
33.509,4.267578125
33.519,4.267578125
33.529,4.2724609375
33.539,4.267578125
33.55,4.267578125
33.56,4.2724609375
33.57,4.2724609375
33.581,4.2724609375
33.591,4.2724609375
33.601,4.267578125
33.612,4.27734375
33.622,4.27734375
33.632,4.27734375
33.643,4.2822265625
33.653,4.2822265625
33.664,4.287109375
33.674,4.2919921875
33.684,4.2919921875
33.695,4.2919921875
33.705,4.2919921875
33.715,4.296875
33.726,4.3017578125
33.736,4.296875
33.746,4.296875
33.757,4.2919921875
33.767,4.2919921875
33.778,4.287109375
33.788,4.2919921875
33.798,4.287109375
33.809,4.2919921875
33.819,4.287109375
33.829,4.287109375
33.84,4.2822265625
33.85,4.2919921875
33.86,4.287109375
33.871,4.2919921875
33.881,4.2919921875
33.892,4.287109375
33.902,4.2919921875
33.912,4.3017578125
33.923,4.3017578125
33.933,4.306640625
33.943,4.306640625
33.954,4.3115234375
33.964,4.306640625
33.975,4.31640625
33.985,4.3115234375
33.995,4.31640625
34.006,4.3212890625
34.016,4.3115234375
34.026,4.3212890625
34.037,4.3115234375
34.047,4.3115234375
34.057,4.306640625
34.068,4.3115234375
34.078,4.306640625
34.089,4.3115234375
34.099,4.306640625
34.109,4.3115234375
34.12,4.306640625
34.13,4.306640625
34.14,4.306640625
34.151,4.31640625
34.161,4.3115234375
34.172,4.31640625
34.182,4.3115234375
34.192,4.3212890625
34.203,4.31640625
34.213,4.326171875
34.223,4.3212890625
34.234,4.3310546875
34.244,4.326171875
34.254,4.3359375
34.265,4.3310546875
34.275,4.3359375
34.286,4.3359375
34.296,4.3310546875
34.306,4.3359375
34.317,4.326171875
34.327,4.3359375
34.337,4.3310546875
34.348,4.3359375
34.358,4.326171875
34.369,4.3310546875
34.379,4.326171875
34.389,4.3310546875
34.4,4.326171875
34.41,4.326171875
34.42,4.326171875
34.431,4.3310546875
34.441,4.326171875
34.451,4.3359375
34.462,4.3310546875
34.472,4.3408203125
34.483,4.3359375
34.493,4.345703125
34.503,4.3408203125
34.514,4.35546875
34.524,4.345703125
34.534,4.3505859375
34.545,4.3505859375
34.555,4.35546875
34.566,4.3505859375
34.576,4.3505859375
34.586,4.35546875
34.597,4.345703125
34.607,4.35546875
34.617,4.345703125
34.628,4.35546875
34.638,4.345703125
34.648,4.3505859375
34.659,4.345703125
34.669,4.3505859375
34.68,4.345703125
34.69,4.3505859375
34.7,4.345703125
34.711,4.3505859375
34.721,4.345703125
34.731,4.35546875
34.742,4.3505859375
34.752,4.35546875
34.763,4.35546875
34.773,4.365234375
34.783,4.35546875
34.794,4.3701171875
34.804,4.365234375
34.814,4.3701171875
34.825,4.365234375
34.835,4.3701171875
34.845,4.3701171875
34.856,4.365234375
34.866,4.3701171875
34.877,4.3603515625
34.887,4.3701171875
34.897,4.365234375
34.908,4.3701171875
34.918,4.365234375
34.928,4.3701171875
34.939,4.365234375
34.949,4.3701171875
34.96,4.365234375
34.97,4.3701171875
34.98,4.365234375
34.991,4.365234375
35.001,4.365234375
35.011,4.3701171875
35.022,4.3701171875
35.032,4.3798828125
35.042,4.3701171875
35.053,4.3798828125
35.063,4.3701171875
35.074,4.384765625
35.084,4.3798828125
35.094,4.39453125
35.105,4.384765625
35.115,4.3896484375
35.125,4.3798828125
35.136,4.384765625
35.146,4.39453125
35.156,4.384765625
35.167,4.39453125
35.177,4.384765625
35.188,4.3896484375
35.198,4.3798828125
35.208,4.384765625
35.219,4.3798828125
35.229,4.384765625
35.239,4.384765625
35.25,4.384765625
35.26,4.384765625
35.271,4.3896484375
35.281,4.384765625
35.291,4.3896484375
35.302,4.3896484375
35.312,4.39453125
35.322,4.39453125
35.333,4.404296875
35.343,4.39453125
35.353,4.404296875
35.364,4.3994140625
35.374,4.4140625
35.385,4.404296875
35.395,4.4091796875
35.405,4.4091796875
35.416,4.4091796875
35.426,4.4140625
35.436,4.404296875
35.447,4.4140625
35.457,4.3994140625
35.468,4.4140625
35.478,4.3994140625
35.488,4.4091796875
35.499,4.3994140625
35.509,4.404296875
35.519,4.3994140625
35.53,4.404296875
35.54,4.404296875
35.55,4.404296875
35.561,4.404296875
35.571,4.404296875
35.582,4.404296875
35.592,4.4189453125
35.602,4.404296875
35.613,4.423828125
35.623,4.4091796875
35.633,4.4287109375
35.644,4.4189453125
35.654,4.4287109375
35.665,4.423828125
35.675,4.423828125
35.685,4.423828125
35.696,4.423828125
35.706,4.43359375
35.716,4.423828125
35.727,4.43359375
35.737,4.4189453125
35.747,4.4287109375
35.758,4.4189453125
35.768,4.4189453125
35.779,4.4140625
35.789,4.423828125
35.799,4.4140625
35.81,4.4189453125
35.82,4.4189453125
35.83,4.4189453125
35.841,4.4189453125
35.851,4.423828125
35.862,4.4189453125
35.872,4.43359375
35.882,4.423828125
35.893,4.4384765625
35.903,4.4287109375
35.913,4.443359375
35.924,4.43359375
35.934,4.443359375
35.944,4.4384765625
35.955,4.443359375
35.965,4.443359375
35.976,4.443359375
35.986,4.453125
35.996,4.43359375
36.007,4.4482421875
36.017,4.43359375
36.027,4.443359375
36.038,4.4384765625
36.048,4.443359375
36.059,4.43359375
36.069,4.4384765625
36.079,4.4384765625
36.09,4.4384765625
36.1,4.4384765625
36.11,4.443359375
36.121,4.4384765625
36.131,4.443359375
36.141,4.4384765625
36.152,4.453125
36.162,4.443359375
36.173,4.4580078125
36.183,4.4482421875
36.193,4.4580078125
36.204,4.453125
36.214,4.462890625
36.224,4.453125
36.235,4.462890625
36.245,4.4580078125
36.256,4.4580078125
36.266,4.4677734375
36.276,4.4482421875
36.287,4.4677734375
36.297,4.453125
36.307,4.462890625
36.318,4.453125
36.328,4.462890625
36.338,4.453125
36.349,4.4580078125
36.359,4.453125
36.37,4.4580078125
36.38,4.453125
36.39,4.4580078125
36.401,4.453125
36.411,4.4677734375
36.421,4.4580078125
36.432,4.47265625
36.442,4.462890625
36.452,4.4775390625
36.463,4.462890625
36.473,4.482421875
36.484,4.47265625
36.494,4.482421875
36.504,4.4677734375
36.515,4.482421875
36.525,4.4775390625
36.535,4.4775390625
36.546,4.482421875
36.556,4.4775390625
36.567,4.482421875
36.577,4.47265625
36.587,4.482421875
36.598,4.47265625
36.608,4.4677734375
36.618,4.47265625
36.629,4.4775390625
36.639,4.47265625
36.649,4.4677734375
36.66,4.4775390625
36.67,4.4775390625
36.681,4.47265625
36.691,4.4775390625
36.701,4.4775390625
36.712,4.482421875
36.722,4.482421875
36.732,4.4921875
36.743,4.4775390625
36.753,4.4970703125
36.764,4.4921875
36.774,4.501953125
36.784,4.4921875
36.795,4.501953125
36.805,4.4970703125
36.815,4.4970703125
36.826,4.501953125
36.836,4.482421875
36.846,4.501953125
36.857,4.482421875
36.867,4.501953125
36.878,4.4873046875
36.888,4.4921875
36.898,4.4873046875
36.909,4.4921875
36.919,4.4921875
36.929,4.4921875
36.94,4.4921875
36.95,4.4970703125
36.961,4.4921875
36.971,4.501953125
36.981,4.4921875
36.992,4.5068359375
37.002,4.501953125
37.012,4.51171875
37.023,4.501953125
37.033,4.5166015625
37.044,4.501953125
37.054,4.521484375
37.064,4.51171875
37.075,4.5166015625
37.085,4.5166015625
37.095,4.5166015625
37.106,4.521484375
37.116,4.5068359375
37.127,4.521484375
37.137,4.5068359375
37.147,4.5166015625
37.158,4.5068359375
37.168,4.51171875
37.178,4.5068359375
37.189,4.51171875
37.199,4.5068359375
37.209,4.51171875
37.22,4.51171875
37.23,4.5166015625
37.241,4.51171875
37.251,4.5166015625
37.261,4.51171875
37.272,4.521484375
37.282,4.5166015625
37.292,4.5263671875
37.303,4.521484375
37.313,4.53125
37.324,4.521484375
37.334,4.5263671875
37.344,4.5263671875
37.355,4.53125
37.365,4.5361328125
37.375,4.5263671875
37.386,4.5361328125
37.396,4.5263671875
37.406,4.5263671875
37.417,4.521484375
37.427,4.53125
37.438,4.521484375
37.448,4.521484375
37.458,4.521484375
37.469,4.5263671875
37.479,4.5263671875
37.489,4.5263671875
37.5,4.5263671875
37.51,4.53125
37.521,4.521484375
37.531,4.5263671875
37.541,4.53125
37.552,4.541015625
37.562,4.53125
37.572,4.5458984375
37.583,4.541015625
37.593,4.5556640625
37.603,4.541015625
37.614,4.5556640625
37.624,4.5458984375
37.635,4.55078125
37.645,4.55078125
37.655,4.5458984375
37.666,4.560546875
37.676,4.5458984375
37.686,4.5556640625
37.697,4.5361328125
37.707,4.55078125
37.718,4.541015625
37.728,4.5458984375
37.738,4.541015625
37.749,4.5458984375
37.759,4.541015625
37.769,4.55078125
37.78,4.541015625
37.79,4.5458984375
37.8,4.541015625
37.811,4.5458984375
37.821,4.541015625
37.832,4.5556640625
37.842,4.5458984375
37.852,4.560546875
37.863,4.5556640625
37.873,4.5654296875
37.883,4.5556640625
37.894,4.5654296875
37.904,4.5654296875
37.915,4.5654296875
37.925,4.5703125
37.935,4.560546875
37.946,4.5703125
37.956,4.5556640625
37.966,4.5703125
37.977,4.560546875
37.987,4.5654296875
37.998,4.560546875
38.008,4.5556640625
38.018,4.5556640625
38.029,4.5556640625
38.039,4.5556640625
38.049,4.560546875
38.06,4.560546875
38.07,4.560546875
38.081,4.560546875
38.091,4.5703125
38.101,4.560546875
38.112,4.5703125
38.122,4.5654296875
38.132,4.580078125
38.143,4.5751953125
38.153,4.5849609375
38.163,4.5751953125
38.174,4.58984375
38.184,4.580078125
38.195,4.5849609375
38.205,4.58984375
38.215,4.580078125
38.226,4.58984375
38.236,4.580078125
38.246,4.5849609375
38.257,4.5751953125
38.267,4.5849609375
38.278,4.5751953125
38.288,4.580078125
38.298,4.580078125
38.309,4.580078125
38.319,4.5751953125
38.329,4.5849609375
38.34,4.5751953125
38.35,4.5849609375
38.36,4.5751953125
38.371,4.5849609375
38.381,4.5849609375
38.392,4.58984375
38.402,4.5849609375
38.412,4.599609375
38.423,4.58984375
38.433,4.6044921875
38.443,4.5947265625
38.454,4.609375
38.464,4.58984375
38.475,4.6044921875
38.485,4.6044921875
38.495,4.599609375
38.506,4.6044921875
38.516,4.5947265625
38.526,4.6044921875
38.537,4.5947265625
38.547,4.599609375
38.557,4.5947265625
38.568,4.599609375
38.578,4.58984375
38.589,4.5947265625
38.599,4.58984375
38.609,4.5947265625
38.62,4.58984375
38.63,4.5947265625
38.64,4.5947265625
38.651,4.599609375
38.661,4.5947265625
38.672,4.609375
38.682,4.599609375
38.692,4.609375
38.703,4.609375
38.713,4.6142578125
38.723,4.609375
38.734,4.619140625
38.744,4.609375
38.754,4.6142578125
38.765,4.619140625
38.775,4.609375
38.786,4.619140625
38.796,4.6044921875
38.806,4.619140625
38.817,4.609375
38.827,4.6044921875
38.838,4.609375
38.848,4.6142578125
38.858,4.609375
38.869,4.609375
38.879,4.599609375
38.889,4.609375
38.9,4.609375
38.91,4.6142578125
38.92,4.609375
38.931,4.619140625
38.941,4.6142578125
38.952,4.6240234375
38.962,4.6142578125
38.972,4.62890625
38.983,4.6240234375
38.993,4.638671875
39.004,4.62890625
39.014,4.638671875
39.024,4.6337890625
39.035,4.6337890625
39.045,4.638671875
39.055,4.62890625
39.066,4.638671875
39.076,4.6240234375
39.086,4.6337890625
39.097,4.6240234375
39.107,4.62890625
39.118,4.6240234375
39.128,4.62890625
39.138,4.6240234375
39.149,4.62890625
39.159,4.6240234375
39.169,4.62890625
39.18,4.62890625
39.19,4.6337890625
39.201,4.6240234375
39.211,4.638671875
39.221,4.6337890625
39.232,4.6435546875
39.242,4.62890625
39.252,4.6484375
39.263,4.6435546875
39.273,4.6533203125
39.283,4.6435546875
39.294,4.6533203125
39.304,4.6484375
39.315,4.6533203125
39.325,4.658203125
39.335,4.6435546875
39.346,4.6533203125
39.356,4.6435546875
39.366,4.6484375
39.377,4.6435546875
39.387,4.6435546875
39.398,4.638671875
39.408,4.638671875
39.418,4.638671875
39.429,4.6484375
39.439,4.638671875
39.449,4.6484375
39.46,4.6435546875
39.47,4.6484375
39.48,4.6484375
39.491,4.6533203125
39.501,4.6484375
39.512,4.6533203125
39.522,4.6484375
39.532,4.658203125
39.543,4.658203125
39.553,4.66796875
39.563,4.6533203125
39.574,4.66796875
39.584,4.6630859375
39.595,4.6533203125
39.605,4.66796875
39.615,4.658203125
39.626,4.66796875
39.636,4.658203125
39.646,4.6630859375
39.657,4.6533203125
39.667,4.658203125
39.677,4.6533203125
39.688,4.6533203125
39.698,4.658203125
39.709,4.6630859375
39.719,4.658203125
39.729,4.6630859375
39.74,4.6630859375
39.75,4.6630859375
39.761,4.658203125
39.771,4.6728515625
39.781,4.66796875
39.792,4.677734375
39.802,4.66796875
39.812,4.677734375
39.823,4.677734375
39.833,4.6875
39.843,4.677734375
39.854,4.677734375
39.864,4.6875
39.875,4.677734375
39.885,4.6875
39.895,4.6728515625
39.906,4.6826171875
39.916,4.66796875
39.926,4.677734375
39.937,4.6630859375
39.947,4.6728515625
39.958,4.6728515625
39.968,4.677734375
39.978,4.6728515625
39.989,4.677734375
39.999,4.6728515625
40.009,4.677734375
40.02,4.677734375
40.03,4.6826171875
40.041,4.677734375
40.051,4.6826171875
40.061,4.6826171875
40.072,4.6923828125
40.082,4.6826171875
40.092,4.697265625
40.103,4.6923828125
40.113,4.7021484375
40.124,4.6923828125
40.134,4.697265625
40.144,4.7021484375
40.155,4.6923828125
40.165,4.70703125
40.175,4.6826171875
40.186,4.7021484375
40.196,4.6923828125
40.206,4.697265625
40.217,4.6826171875
40.227,4.6923828125
40.238,4.6923828125
40.248,4.6923828125
40.258,4.6826171875
40.269,4.697265625
40.279,4.6923828125
40.289,4.697265625
40.3,4.6923828125
40.31,4.6923828125
40.321,4.697265625
40.331,4.70703125
40.341,4.697265625
40.352,4.7119140625
40.362,4.7021484375
40.372,4.7119140625
40.383,4.7021484375
40.393,4.716796875
40.403,4.70703125
40.414,4.716796875
40.424,4.7119140625
40.435,4.7119140625
40.445,4.7216796875
40.455,4.70703125
40.466,4.7119140625
40.476,4.7021484375
40.486,4.7119140625
40.497,4.7021484375
40.507,4.7119140625
40.518,4.7021484375
40.528,4.70703125
40.538,4.7021484375
40.549,4.70703125
40.559,4.70703125
40.569,4.7119140625
40.58,4.70703125
40.59,4.716796875
40.6,4.7119140625
40.611,4.716796875
40.621,4.7119140625
40.632,4.7265625
40.642,4.7216796875
40.652,4.7314453125
40.663,4.7216796875
40.673,4.7314453125
40.683,4.7265625
40.694,4.7314453125
40.704,4.7314453125
40.715,4.7265625
40.725,4.736328125
40.735,4.7265625
40.746,4.7314453125
40.756,4.7216796875
40.766,4.7265625
40.777,4.7265625
40.787,4.7265625
40.797,4.7216796875
40.808,4.7216796875
40.818,4.7216796875
40.829,4.7265625
40.839,4.7216796875
40.849,4.7265625
40.86,4.7265625
40.87,4.7314453125
40.88,4.7265625
40.891,4.736328125
40.901,4.7314453125
40.912,4.736328125
40.922,4.736328125
40.932,4.74609375
40.943,4.7412109375
40.953,4.7509765625
40.963,4.736328125
40.974,4.7412109375
40.984,4.74609375
40.994,4.7412109375
41.005,4.7509765625
41.015,4.736328125
41.026,4.7412109375
41.036,4.736328125
41.046,4.7509765625
41.057,4.7314453125
41.067,4.7412109375
41.077,4.736328125
41.088,4.7412109375
41.098,4.736328125
41.108,4.7412109375
41.119,4.7314453125
41.129,4.736328125
41.14,4.736328125
41.15,4.7412109375
41.16,4.736328125
41.171,4.7509765625
41.181,4.74609375
41.191,4.7607421875
41.202,4.7509765625
41.212,4.7607421875
41.223,4.7509765625
41.233,4.7607421875
41.243,4.7509765625
41.254,4.7607421875
41.264,4.7607421875
41.274,4.7607421875
41.285,4.765625
41.295,4.755859375
41.305,4.7607421875
41.316,4.7509765625
41.326,4.7607421875
41.337,4.7509765625
41.347,4.755859375
41.357,4.7509765625
41.368,4.755859375
41.378,4.755859375
41.388,4.755859375
41.399,4.755859375
41.409,4.755859375
41.42,4.74609375
41.43,4.7607421875
41.44,4.7607421875
41.451,4.7607421875
41.461,4.7607421875
41.471,4.7705078125
41.482,4.7607421875
41.492,4.7802734375
41.502,4.765625
41.513,4.78515625
41.523,4.775390625
41.534,4.7802734375
41.544,4.7802734375
41.554,4.775390625
41.565,4.7802734375
41.575,4.7705078125
41.585,4.775390625
41.596,4.7705078125
41.606,4.775390625
41.617,4.765625
41.627,4.7705078125
41.637,4.765625
41.648,4.775390625
41.658,4.7705078125
41.668,4.7705078125
41.679,4.7705078125
41.689,4.7705078125
41.699,4.7705078125
41.71,4.775390625
41.72,4.765625
41.731,4.78515625
41.741,4.7802734375
41.751,4.7900390625
41.762,4.78515625
41.772,4.7900390625
41.782,4.7802734375
41.793,4.7998046875
41.803,4.7900390625
41.814,4.794921875
41.824,4.794921875
41.834,4.78515625
41.845,4.7998046875
41.855,4.78515625
41.865,4.794921875
41.876,4.7802734375
41.886,4.794921875
41.896,4.7802734375
41.907,4.7900390625
41.917,4.7802734375
41.928,4.78515625
41.938,4.78515625
41.948,4.7900390625
41.959,4.78515625
41.969,4.7900390625
41.979,4.78515625
41.99,4.794921875
42.0,4.78515625
42.011,4.7998046875
42.021,4.7900390625
42.031,4.8046875
42.042,4.7998046875
42.052,4.8095703125
42.062,4.7998046875
42.073,4.8095703125
42.083,4.7998046875
42.093,4.8046875
42.104,4.814453125
42.114,4.8046875
42.125,4.814453125
42.135,4.7998046875
42.145,4.8095703125
42.156,4.7998046875
42.166,4.8046875
42.176,4.7998046875
42.187,4.8046875
42.197,4.7998046875
42.208,4.8046875
42.218,4.7998046875
42.228,4.7998046875
42.239,4.7998046875
42.249,4.8046875
42.259,4.7998046875
42.27,4.8046875
42.28,4.7998046875
42.29,4.8095703125
42.301,4.8095703125
42.311,4.8193359375
42.322,4.814453125
42.332,4.8291015625
42.342,4.814453125
42.353,4.8291015625
42.363,4.8193359375
42.373,4.82421875
42.384,4.82421875
42.394,4.8193359375
42.404,4.8291015625
42.415,4.8193359375
42.425,4.8291015625
42.436,4.814453125
42.446,4.8193359375
42.456,4.814453125
42.467,4.814453125
42.477,4.814453125
42.487,4.814453125
42.498,4.814453125
42.508,4.8193359375
42.519,4.814453125
42.529,4.8193359375
42.539,4.814453125
42.55,4.8193359375
42.56,4.8193359375
42.57,4.8291015625
42.581,4.8193359375
42.591,4.833984375
42.601,4.8291015625
42.612,4.833984375
42.622,4.8291015625
42.633,4.8388671875
42.643,4.833984375
42.653,4.8388671875
42.664,4.8388671875
42.674,4.833984375
42.684,4.8486328125
42.695,4.833984375
42.705,4.8388671875
42.716,4.8291015625
42.726,4.833984375
42.736,4.8291015625
42.747,4.8291015625
42.757,4.8291015625
42.767,4.833984375
42.778,4.833984375
42.788,4.8291015625
42.798,4.8291015625
42.809,4.833984375
42.819,4.833984375
42.83,4.8388671875
42.84,4.833984375
42.85,4.8388671875
42.861,4.8388671875
42.871,4.853515625
42.881,4.8388671875
42.892,4.8486328125
42.902,4.8388671875
42.913,4.8583984375
42.923,4.8486328125
42.933,4.853515625
42.944,4.8583984375
42.954,4.8486328125
42.964,4.853515625
42.975,4.84375
42.985,4.853515625
42.995,4.8388671875
43.006,4.8486328125
43.016,4.8388671875
43.027,4.8486328125
43.037,4.8388671875
43.047,4.8388671875
43.058,4.8388671875
43.068,4.8486328125
43.078,4.8388671875
43.089,4.8486328125
43.099,4.8486328125
43.11,4.853515625
43.12,4.8486328125
43.13,4.8583984375
43.141,4.8486328125
43.151,4.8681640625
43.161,4.853515625
43.172,4.8681640625
43.182,4.8583984375
43.192,4.8681640625
43.203,4.86328125
43.213,4.8681640625
43.224,4.8681640625
43.234,4.86328125
43.244,4.8779296875
43.255,4.853515625
43.265,4.8681640625
43.275,4.8583984375
43.286,4.86328125
43.296,4.853515625
43.307,4.86328125
43.317,4.8583984375
43.327,4.86328125
43.338,4.8583984375
43.348,4.8583984375
43.358,4.8583984375
43.369,4.8583984375
43.379,4.8583984375
43.389,4.86328125
43.4,4.86328125
43.41,4.873046875
43.421,4.86328125
43.431,4.8779296875
43.441,4.873046875
43.452,4.8876953125
43.464,4.8876953125
43.476,4.873046875
43.487,4.873046875
43.497,4.8681640625
43.507,4.873046875
43.518,4.8681640625
43.528,4.873046875
43.538,4.8681640625
43.549,4.873046875
43.559,4.873046875
43.57,4.8779296875
43.58,4.873046875
43.59,4.8828125
43.603,4.8828125
43.615,4.8779296875
43.625,4.8828125
43.638,4.8779296875
43.648,4.8779296875
43.658,4.8681640625
43.669,4.8779296875
43.679,4.8779296875
43.689,4.8828125
43.702,4.892578125
43.714,4.892578125
43.726,4.8828125
43.739,4.8828125
43.751,4.892578125
43.763,4.8974609375
43.776,4.8828125
43.788,4.8876953125
43.8,4.892578125
43.812,4.90234375
43.825,4.90234375
43.837,4.8828125
43.849,4.892578125
43.862,4.892578125
43.874,4.8974609375
43.886,4.8974609375
43.899,4.8828125
43.911,4.9072265625
43.923,4.90234375
43.936,4.892578125
43.948,4.892578125
43.96,4.8974609375
43.972,4.9169921875
43.985,4.90234375
43.997,4.892578125
44.009,4.8974609375
44.022,4.9072265625
44.034,4.9072265625
44.046,4.90234375
44.059,4.8974609375
44.071,4.9169921875
44.083,4.912109375
44.096,4.90234375
44.108,4.90234375
44.12,4.90234375
44.132,4.912109375
44.145,4.9169921875
44.157,4.8974609375
44.169,4.90234375
44.182,4.9169921875
44.194,4.912109375
44.206,4.912109375
44.219,4.9072265625
44.231,4.921875
44.243,4.921875
44.255,4.9072265625
44.268,4.9072265625
44.28,4.9072265625
44.292,4.931640625
44.305,4.9267578125
44.317,4.912109375
44.329,4.921875
44.342,4.921875
44.354,4.9169921875
44.366,4.9169921875
44.378,4.912109375
44.391,4.931640625
44.403,4.9365234375
44.415,4.9169921875
44.428,4.9169921875
44.44,4.921875
44.452,4.94140625
44.465,4.931640625
44.477,4.921875
44.489,4.9267578125
44.502,4.931640625
44.514,4.931640625
44.526,4.931640625
44.538,4.921875
44.551,4.931640625
44.563,4.9365234375
44.575,4.9267578125
44.588,4.9267578125
44.6,4.931640625
44.612,4.9462890625
44.625,4.94140625
44.637,4.921875
44.649,4.931640625
44.661,4.9365234375
44.674,4.9365234375
44.686,4.9365234375
44.698,4.931640625
44.711,4.951171875
44.723,4.951171875
44.735,4.931640625
44.748,4.9365234375
44.76,4.9365234375
44.772,4.9560546875
44.785,4.951171875
44.797,4.931640625
44.809,4.94140625
44.821,4.94140625
44.834,4.9462890625
44.846,4.94140625
44.858,4.9365234375
44.871,4.9560546875
44.883,4.9560546875
44.895,4.94140625
44.908,4.9365234375
44.92,4.9462890625
44.932,4.9658203125
44.945,4.9560546875
44.957,4.94140625
44.969,4.951171875
44.981,4.9462890625
44.994,4.9462890625
45.006,4.9462890625
45.018,4.9462890625
45.031,4.9658203125
45.043,4.970703125
45.055,4.951171875
45.068,4.951171875
45.08,4.951171875
45.092,4.970703125
45.104,4.9658203125
45.117,4.9462890625
45.129,4.9560546875
45.141,4.9658203125
45.154,4.9609375
45.166,4.9560546875
45.178,4.951171875
45.191,4.970703125
45.203,4.970703125
45.215,4.9560546875
45.227,4.9609375
45.24,4.9609375
45.252,4.9755859375
45.264,4.9755859375
45.277,4.9560546875
45.289,4.9658203125
45.301,4.970703125
45.314,4.970703125
45.326,4.970703125
45.338,4.9609375
45.35,4.98046875
45.363,4.98046875
45.375,4.970703125
45.387,4.970703125
45.4,4.9658203125
45.412,4.98046875
45.424,4.98046875
45.437,4.9658203125
45.449,4.970703125
45.461,4.98046875
45.474,4.98046875
45.486,4.98046875
45.498,4.970703125
45.51,4.9853515625
45.523,4.9853515625
45.535,4.970703125
45.547,4.9755859375
45.56,4.9755859375
45.572,4.9951171875
